Factura,Cliente,Sector,Monto,FechaFactura,FechaVencimiento,DiasAtraso,EstadoCobro,Tramo
FAC-100000,Centro Cuesta Nacional,Industrial,29380,2025-12-30,2026-01-29,45,Seguimiento,31-60 dias (Riesgo Leve)
FAC-100001,Helados Bon,Banca,45662,2025-04-16,2025-05-16,5,Al Dia,0-30 dias (Sano)
FAC-100002,EGE Haina,Telecomunicaciones,3356,2025-12-08,2026-01-07,30,Al Dia,0-30 dias (Sano)
FAC-100003,Scotiabank,Banca,5790,2025-08-08,2025-09-07,20,Al Dia,0-30 dias (Sano)
FAC-100004,Grupo Rica,Telecomunicaciones,27911,2025-06-12,2025-07-12,20,Al Dia,0-30 dias (Sano)
FAC-100005,Centro Cuesta Nacional,Retail,25363,2025-08-08,2025-09-07,30,Al Dia,0-30 dias (Sano)
FAC-100006,La Sirena,Servicios,21049,2025-09-27,2025-10-27,15,Al Dia,0-30 dias (Sano)
FAC-100007,Scotiabank,Telecomunicaciones,11181,2025-04-30,2025-05-30,75,Gestion Intensiva,61-90 dias (Riesgo Medio)
FAC-100008,Scotiabank,Telecomunicaciones,40825,2025-12-02,2026-01-01,30,Al Dia,0-30 dias (Sano)
FAC-100009,Claro Dominicana,Seguros,17082,2025-07-01,2025-07-31,15,Al Dia,0-30 dias (Sano)
FAC-100010,Grupo Rica,Telecomunicaciones,1661,2025-04-16,2025-05-16,60,Seguimiento,31-60 dias (Riesgo Leve)
FAC-100011,Altice Dominicana,Telecomunicaciones,38412,2025-08-05,2025-09-04,20,Al Dia,0-30 dias (Sano)
FAC-100012,Banco Popular,Energia,49479,2025-07-24,2025-08-23,5,Al Dia,0-30 dias (Sano)
FAC-100013,Caribbean Cinemas,Servicios,3920,2025-03-11,2025-04-10,5,Al Dia,0-30 dias (Sano)
FAC-100014,Universal Seguros,Retail,26658,2025-02-13,2025-03-15,0,Al Dia,0-30 dias (Sano)
FAC-100015,Banco Popular,Industrial,49770,2025-11-25,2025-12-25,75,Gestion Intensiva,61-90 dias (Riesgo Medio)
FAC-100016,Grupo Ramos,Seguros,15025,2025-10-28,2025-11-27,45,Seguimiento,31-60 dias (Riesgo Leve)
FAC-100017,Caribbean Cinemas,Energia,9946,2025-08-16,2025-09-15,90,Gestion Intensiva,61-90 dias (Riesgo Medio)
FAC-100018,Caribbean Cinemas,Consumo Masivo,29706,2025-07-03,2025-08-02,20,Al Dia,0-30 dias (Sano)
FAC-100019,Grupo SID,Servicios,46500,2025-04-17,2025-05-17,15,Al Dia,0-30 dias (Sano)
FAC-100020,Banesco,Retail,40004,2025-03-25,2025-04-24,0,Al Dia,0-30 dias (Sano)
FAC-100021,Cemex Dominicana,Retail,17309,2025-12-04,2026-01-03,30,Al Dia,0-30 dias (Sano)
FAC-100022,EGE Haina,Consumo Masivo,47286,2025-09-07,2025-10-07,20,Al Dia,0-30 dias (Sano)
FAC-100023,EGE Haina,Industrial,34120,2025-12-29,2026-01-28,180,Critico,+90 dias (Critico)
FAC-100024,La Sirena,Telecomunicaciones,31027,2025-01-21,2025-02-20,5,Al Dia,0-30 dias (Sano)
FAC-100025,Caribbean Cinemas,Energia,8005,2025-07-15,2025-08-14,15,Al Dia,0-30 dias (Sano)
FAC-100026,Helados Bon,Banca,47804,2025-06-27,2025-07-27,30,Al Dia,0-30 dias (Sano)
FAC-100027,Altice Dominicana,Seguros,1956,2025-01-07,2025-02-06,30,Al Dia,0-30 dias (Sano)
FAC-100028,Humano Seguros,Banca,35839,2025-03-11,2025-04-10,20,Al Dia,0-30 dias (Sano)
FAC-100029,La Sirena,Consumo Masivo,9595,2025-05-07,2025-06-06,45,Seguimiento,31-60 dias (Riesgo Leve)
FAC-100030,Centro Cuesta Nacional,Retail,48908,2025-06-09,2025-07-09,5,Al Dia,0-30 dias (Sano)
FAC-100031,Cerveceria Nacional Dominicana,Industrial,13803,2025-09-05,2025-10-05,45,Seguimiento,31-60 dias (Riesgo Leve)
FAC-100032,Centro Cuesta Nacional,Retail,26963,2025-07-22,2025-08-21,20,Al Dia,0-30 dias (Sano)
FAC-100033,Inicia,Seguros,37221,2025-05-28,2025-06-27,75,Gestion Intensiva,61-90 dias (Riesgo Medio)
FAC-100034,Claro Dominicana,Retail,40443,2025-05-23,2025-06-22,75,Gestion Intensiva,61-90 dias (Riesgo Medio)
FAC-100035,Mercasid,Retail,34723,2025-07-18,2025-08-17,5,Al Dia,0-30 dias (Sano)
FAC-100036,Inicia,Seguros,40063,2025-06-03,2025-07-03,5,Al Dia,0-30 dias (Sano)
FAC-100037,Cerveceria Nacional Dominicana,Energia,49689,2025-05-22,2025-06-21,180,Critico,+90 dias (Critico)
FAC-100038,Banco Popular,Energia,16282,2025-11-09,2025-12-09,15,Al Dia,0-30 dias (Sano)
FAC-100039,Helados Bon,Seguros,5703,2025-06-14,2025-07-14,90,Gestion Intensiva,61-90 dias (Riesgo Medio)
FAC-100040,EGE Haina,Industrial,7563,2025-11-10,2025-12-10,0,Al Dia,0-30 dias (Sano)
FAC-100041,Centro Cuesta Nacional,Consumo Masivo,26849,2025-01-21,2025-02-20,30,Al Dia,0-30 dias (Sano)
FAC-100042,Caribbean Cinemas,Servicios,32860,2025-03-23,2025-04-22,60,Seguimiento,31-60 dias (Riesgo Leve)
FAC-100043,Grupo Rica,Retail,32585,2025-03-10,2025-04-09,90,Gestion Intensiva,61-90 dias (Riesgo Medio)
FAC-100044,EGE Haina,Industrial,23015,2025-05-11,2025-06-10,5,Al Dia,0-30 dias (Sano)
FAC-100045,Altice Dominicana,Retail,13003,2025-03-28,2025-04-27,45,Seguimiento,31-60 dias (Riesgo Leve)
FAC-100046,Mercasid,Servicios,44585,2025-08-06,2025-09-05,15,Al Dia,0-30 dias (Sano)
FAC-100047,Grupo SID,Consumo Masivo,27958,2025-11-01,2025-12-01,0,Al Dia,0-30 dias (Sano)
FAC-100048,Claro Dominicana,Energia,27017,2025-12-11,2026-01-10,30,Al Dia,0-30 dias (Sano)
FAC-100049,Inicia,Industrial,12171,2025-12-07,2026-01-06,30,Al Dia,0-30 dias (Sano)
FAC-100050,Grupo Rica,Telecomunicaciones,46350,2025-06-10,2025-07-10,90,Gestion Intensiva,61-90 dias (Riesgo Medio)
FAC-100051,Claro Dominicana,Telecomunicaciones,13201,2025-06-27,2025-07-27,15,Al Dia,0-30 dias (Sano)
FAC-100052,Banco Popular,Servicios,30426,2025-04-27,2025-05-27,5,Al Dia,0-30 dias (Sano)
FAC-100053,Universal Seguros,Telecomunicaciones,18778,2025-07-15,2025-08-14,0,Al Dia,0-30 dias (Sano)
FAC-100054,Banesco,Energia,46241,2025-11-23,2025-12-23,10,Al Dia,0-30 dias (Sano)
FAC-100055,Claro Dominicana,Servicios,43229,2025-03-27,2025-04-26,5,Al Dia,0-30 dias (Sano)
FAC-100056,Inicia,Energia,22116,2025-10-16,2025-11-15,45,Seguimiento,31-60 dias (Riesgo Leve)
FAC-100057,Caribbean Cinemas,Consumo Masivo,49364,2025-03-22,2025-04-21,10,Al Dia,0-30 dias (Sano)
FAC-100058,Banco Popular,Retail,34297,2025-06-01,2025-07-01,90,Gestion Intensiva,61-90 dias (Riesgo Medio)
FAC-100059,Banesco,Consumo Masivo,20342,2025-03-02,2025-04-01,120,Critico,+90 dias (Critico)
FAC-100060,Claro Dominicana,Consumo Masivo,28490,2025-03-02,2025-04-01,20,Al Dia,0-30 dias (Sano)
FAC-100061,Mercasid,Energia,20975,2025-12-20,2026-01-19,90,Gestion Intensiva,61-90 dias (Riesgo Medio)
FAC-100062,Cemex Dominicana,Servicios,27723,2025-01-28,2025-02-27,45,Seguimiento,31-60 dias (Riesgo Leve)
FAC-100063,EGE Haina,Servicios,24279,2025-02-12,2025-03-14,15,Al Dia,0-30 dias (Sano)
FAC-100064,Grupo Rica,Telecomunicaciones,13765,2025-06-18,2025-07-18,0,Al Dia,0-30 dias (Sano)
FAC-100065,Mercasid,Banca,47678,2025-03-27,2025-04-26,15,Al Dia,0-30 dias (Sano)
FAC-100066,Grupo Rica,Retail,12561,2025-06-26,2025-07-26,20,Al Dia,0-30 dias (Sano)
FAC-100067,Cemex Dominicana,Energia,42899,2025-01-17,2025-02-16,75,Gestion Intensiva,61-90 dias (Riesgo Medio)
FAC-100068,Sambil,Telecomunicaciones,1525,2025-04-08,2025-05-08,15,Al Dia,0-30 dias (Sano)
FAC-100069,Inicia,Industrial,23861,2025-07-17,2025-08-16,75,Gestion Intensiva,61-90 dias (Riesgo Medio)
FAC-100070,EGE Haina,Banca,34142,2025-04-08,2025-05-08,30,Al Dia,0-30 dias (Sano)
FAC-100071,Sambil,Banca,27916,2025-03-06,2025-04-05,0,Al Dia,0-30 dias (Sano)
FAC-100072,Cerveceria Nacional Dominicana,Energia,45965,2025-11-26,2025-12-26,180,Critico,+90 dias (Critico)
FAC-100073,EGE Haina,Seguros,5648,2025-12-07,2026-01-06,15,Al Dia,0-30 dias (Sano)
FAC-100074,Sambil,Retail,36133,2025-01-05,2025-02-04,10,Al Dia,0-30 dias (Sano)
FAC-100075,Grupo Ramos,Banca,31523,2025-01-02,2025-02-01,30,Al Dia,0-30 dias (Sano)
FAC-100076,Centro Cuesta Nacional,Energia,30052,2025-01-22,2025-02-21,0,Al Dia,0-30 dias (Sano)
FAC-100077,Cerveceria Nacional Dominicana,Energia,35414,2025-04-22,2025-05-22,30,Al Dia,0-30 dias (Sano)
FAC-100078,Grupo Ramos,Telecomunicaciones,33781,2025-02-26,2025-03-28,15,Al Dia,0-30 dias (Sano)
FAC-100079,Caribbean Cinemas,Industrial,5599,2025-03-07,2025-04-06,10,Al Dia,0-30 dias (Sano)
FAC-100080,Grupo Rica,Seguros,36046,2025-11-26,2025-12-26,120,Critico,+90 dias (Critico)
FAC-100081,Scotiabank,Retail,48064,2025-04-08,2025-05-08,15,Al Dia,0-30 dias (Sano)
FAC-100082,La Sirena,Servicios,36923,2025-05-24,2025-06-23,5,Al Dia,0-30 dias (Sano)
FAC-100083,Grupo SID,Consumo Masivo,42089,2025-05-05,2025-06-04,15,Al Dia,0-30 dias (Sano)
FAC-100084,Grupo Rica,Industrial,4814,2025-06-16,2025-07-16,90,Gestion Intensiva,61-90 dias (Riesgo Medio)
FAC-100085,Altice Dominicana,Industrial,46893,2025-03-27,2025-04-26,0,Al Dia,0-30 dias (Sano)
FAC-100086,Altice Dominicana,Telecomunicaciones,36984,2025-03-17,2025-04-16,5,Al Dia,0-30 dias (Sano)
FAC-100087,Grupo Ramos,Servicios,27616,2025-12-10,2026-01-09,0,Al Dia,0-30 dias (Sano)
FAC-100088,Humano Seguros,Banca,3113,2025-10-21,2025-11-20,0,Al Dia,0-30 dias (Sano)
FAC-100089,Banesco,Banca,44006,2025-02-28,2025-03-30,60,Seguimiento,31-60 dias (Riesgo Leve)
FAC-100090,Centro Cuesta Nacional,Telecomunicaciones,14760,2025-05-18,2025-06-17,45,Seguimiento,31-60 dias (Riesgo Leve)
FAC-100091,Cerveceria Nacional Dominicana,Energia,22927,2025-04-09,2025-05-09,10,Al Dia,0-30 dias (Sano)
FAC-100092,Centro Cuesta Nacional,Banca,21939,2025-07-11,2025-08-10,30,Al Dia,0-30 dias (Sano)
FAC-100093,Cerveceria Nacional Dominicana,Seguros,33419,2025-08-31,2025-09-30,10,Al Dia,0-30 dias (Sano)
FAC-100094,Grupo Rica,Retail,13588,2025-11-15,2025-12-15,120,Critico,+90 dias (Critico)
FAC-100095,Caribbean Cinemas,Industrial,37142,2025-02-18,2025-03-20,120,Critico,+90 dias (Critico)
FAC-100096,Banco Popular,Industrial,40198,2025-02-01,2025-03-03,10,Al Dia,0-30 dias (Sano)
FAC-100097,Grupo Ramos,Seguros,45738,2025-10-04,2025-11-03,75,Gestion Intensiva,61-90 dias (Riesgo Medio)
FAC-100098,Cemex Dominicana,Servicios,34397,2025-01-20,2025-02-19,45,Seguimiento,31-60 dias (Riesgo Leve)
FAC-100099,Humano Seguros,Banca,17653,2025-06-03,2025-07-03,5,Al Dia,0-30 dias (Sano)
FAC-100100,Altice Dominicana,Industrial,11831,2025-03-09,2025-04-08,5,Al Dia,0-30 dias (Sano)
FAC-100101,Caribbean Cinemas,Consumo Masivo,6724,2025-08-02,2025-09-01,15,Al Dia,0-30 dias (Sano)
FAC-100102,Grupo Rica,Servicios,12083,2025-05-23,2025-06-22,60,Seguimiento,31-60 dias (Riesgo Leve)
FAC-100103,Altice Dominicana,Retail,46917,2025-08-20,2025-09-19,120,Critico,+90 dias (Critico)
FAC-100104,Grupo Ramos,Retail,20816,2025-08-01,2025-08-31,45,Seguimiento,31-60 dias (Riesgo Leve)
FAC-100105,Altice Dominicana,Industrial,43240,2025-03-20,2025-04-19,75,Gestion Intensiva,61-90 dias (Riesgo Medio)
FAC-100106,Humano Seguros,Telecomunicaciones,7276,2025-08-02,2025-09-01,20,Al Dia,0-30 dias (Sano)
FAC-100107,EGE Haina,Servicios,49403,2025-04-26,2025-05-26,60,Seguimiento,31-60 dias (Riesgo Leve)
FAC-100108,Mercasid,Industrial,39663,2025-04-02,2025-05-02,60,Seguimiento,31-60 dias (Riesgo Leve)
FAC-100109,Altice Dominicana,Telecomunicaciones,14994,2025-09-27,2025-10-27,10,Al Dia,0-30 dias (Sano)
FAC-100110,Grupo Ramos,Industrial,24499,2025-06-17,2025-07-17,20,Al Dia,0-30 dias (Sano)
FAC-100111,Humano Seguros,Consumo Masivo,24040,2025-02-27,2025-03-29,60,Seguimiento,31-60 dias (Riesgo Leve)
FAC-100112,Mercasid,Servicios,44320,2025-10-11,2025-11-10,0,Al Dia,0-30 dias (Sano)
FAC-100113,Centro Cuesta Nacional,Energia,17959,2025-01-26,2025-02-25,60,Seguimiento,31-60 dias (Riesgo Leve)
FAC-100114,Cerveceria Nacional Dominicana,Retail,7099,2025-03-07,2025-04-06,0,Al Dia,0-30 dias (Sano)
FAC-100115,EGE Haina,Industrial,43267,2025-09-05,2025-10-05,15,Al Dia,0-30 dias (Sano)
FAC-100116,EGE Haina,Consumo Masivo,20576,2025-09-11,2025-10-11,60,Seguimiento,31-60 dias (Riesgo Leve)
FAC-100117,Banesco,Telecomunicaciones,36946,2025-02-13,2025-03-15,5,Al Dia,0-30 dias (Sano)
FAC-100118,Sambil,Telecomunicaciones,7116,2025-04-07,2025-05-07,5,Al Dia,0-30 dias (Sano)
FAC-100119,La Sirena,Retail,16563,2025-02-11,2025-03-13,10,Al Dia,0-30 dias (Sano)
FAC-100120,Centro Cuesta Nacional,Seguros,27788,2025-08-15,2025-09-14,75,Gestion Intensiva,61-90 dias (Riesgo Medio)
FAC-100121,Grupo SID,Industrial,27928,2025-09-19,2025-10-19,0,Al Dia,0-30 dias (Sano)
FAC-100122,Helados Bon,Servicios,37336,2025-06-16,2025-07-16,90,Gestion Intensiva,61-90 dias (Riesgo Medio)
FAC-100123,Claro Dominicana,Banca,10847,2025-10-06,2025-11-05,0,Al Dia,0-30 dias (Sano)
FAC-100124,Humano Seguros,Telecomunicaciones,27155,2025-03-30,2025-04-29,180,Critico,+90 dias (Critico)
FAC-100125,Centro Cuesta Nacional,Servicios,15135,2025-06-27,2025-07-27,120,Critico,+90 dias (Critico)
FAC-100126,Sambil,Servicios,18774,2025-07-16,2025-08-15,15,Al Dia,0-30 dias (Sano)
FAC-100127,EGE Haina,Energia,2742,2025-11-03,2025-12-03,15,Al Dia,0-30 dias (Sano)
FAC-100128,Scotiabank,Servicios,19309,2025-09-24,2025-10-24,15,Al Dia,0-30 dias (Sano)
FAC-100129,Claro Dominicana,Servicios,1619,2025-09-25,2025-10-25,30,Al Dia,0-30 dias (Sano)
FAC-100130,Sambil,Energia,18658,2025-03-15,2025-04-14,0,Al Dia,0-30 dias (Sano)
FAC-100131,Centro Cuesta Nacional,Telecomunicaciones,35707,2025-01-08,2025-02-07,0,Al Dia,0-30 dias (Sano)
FAC-100132,La Sirena,Servicios,21337,2025-10-24,2025-11-23,0,Al Dia,0-30 dias (Sano)
FAC-100133,Banco Popular,Seguros,17001,2025-06-13,2025-07-13,10,Al Dia,0-30 dias (Sano)
FAC-100134,Banesco,Seguros,1968,2025-03-26,2025-04-25,5,Al Dia,0-30 dias (Sano)
FAC-100135,Sambil,Consumo Masivo,48614,2025-03-13,2025-04-12,20,Al Dia,0-30 dias (Sano)
FAC-100136,Universal Seguros,Energia,26892,2025-02-24,2025-03-26,180,Critico,+90 dias (Critico)
FAC-100137,Caribbean Cinemas,Consumo Masivo,26619,2025-02-16,2025-03-18,10,Al Dia,0-30 dias (Sano)
FAC-100138,Caribbean Cinemas,Energia,1281,2025-08-26,2025-09-25,20,Al Dia,0-30 dias (Sano)
FAC-100139,Helados Bon,Industrial,28420,2025-04-14,2025-05-14,10,Al Dia,0-30 dias (Sano)
FAC-100140,Scotiabank,Industrial,16360,2025-07-29,2025-08-28,75,Gestion Intensiva,61-90 dias (Riesgo Medio)
FAC-100141,Centro Cuesta Nacional,Servicios,40030,2025-02-11,2025-03-13,90,Gestion Intensiva,61-90 dias (Riesgo Medio)
FAC-100142,Grupo Ramos,Banca,2058,2025-11-12,2025-12-12,75,Gestion Intensiva,61-90 dias (Riesgo Medio)
FAC-100143,Grupo Ramos,Industrial,21677,2025-09-25,2025-10-25,120,Critico,+90 dias (Critico)
FAC-100144,Helados Bon,Banca,11724,2025-09-20,2025-10-20,0,Al Dia,0-30 dias (Sano)
FAC-100145,Sambil,Industrial,29404,2025-12-02,2026-01-01,60,Seguimiento,31-60 dias (Riesgo Leve)
FAC-100146,Cerveceria Nacional Dominicana,Retail,38946,2025-12-31,2026-01-30,45,Seguimiento,31-60 dias (Riesgo Leve)
FAC-100147,Altice Dominicana,Industrial,40748,2025-09-16,2025-10-16,5,Al Dia,0-30 dias (Sano)
FAC-100148,Centro Cuesta Nacional,Consumo Masivo,30856,2025-10-10,2025-11-09,120,Critico,+90 dias (Critico)
FAC-100149,Universal Seguros,Telecomunicaciones,10200,2025-04-24,2025-05-24,0,Al Dia,0-30 dias (Sano)
FAC-100150,Grupo Rica,Servicios,34997,2025-12-29,2026-01-28,30,Al Dia,0-30 dias (Sano)
FAC-100151,Cerveceria Nacional Dominicana,Consumo Masivo,26611,2025-02-09,2025-03-11,5,Al Dia,0-30 dias (Sano)
FAC-100152,Humano Seguros,Telecomunicaciones,42235,2025-08-08,2025-09-07,10,Al Dia,0-30 dias (Sano)
FAC-100153,Grupo Ramos,Seguros,36057,2025-05-09,2025-06-08,45,Seguimiento,31-60 dias (Riesgo Leve)
FAC-100154,La Sirena,Consumo Masivo,2239,2025-01-08,2025-02-07,20,Al Dia,0-30 dias (Sano)
FAC-100155,Banesco,Seguros,39138,2025-04-11,2025-05-11,10,Al Dia,0-30 dias (Sano)
FAC-100156,Caribbean Cinemas,Banca,49938,2025-06-25,2025-07-25,5,Al Dia,0-30 dias (Sano)
FAC-100157,EGE Haina,Banca,1125,2025-04-17,2025-05-17,60,Seguimiento,31-60 dias (Riesgo Leve)
FAC-100158,Cerveceria Nacional Dominicana,Retail,46272,2025-04-11,2025-05-11,0,Al Dia,0-30 dias (Sano)
FAC-100159,Helados Bon,Industrial,24857,2025-09-17,2025-10-17,10,Al Dia,0-30 dias (Sano)
FAC-100160,Grupo SID,Consumo Masivo,16398,2025-09-03,2025-10-03,90,Gestion Intensiva,61-90 dias (Riesgo Medio)
FAC-100161,Grupo SID,Seguros,7638,2025-10-02,2025-11-01,75,Gestion Intensiva,61-90 dias (Riesgo Medio)
FAC-100162,Helados Bon,Telecomunicaciones,7570,2025-02-01,2025-03-03,10,Al Dia,0-30 dias (Sano)
FAC-100163,Caribbean Cinemas,Banca,4249,2025-05-17,2025-06-16,45,Seguimiento,31-60 dias (Riesgo Leve)
FAC-100164,Centro Cuesta Nacional,Industrial,10110,2025-01-12,2025-02-11,60,Seguimiento,31-60 dias (Riesgo Leve)
FAC-100165,Banco Popular,Banca,41363,2025-10-29,2025-11-28,75,Gestion Intensiva,61-90 dias (Riesgo Medio)
FAC-100166,Altice Dominicana,Telecomunicaciones,14605,2025-01-16,2025-02-15,15,Al Dia,0-30 dias (Sano)
FAC-100167,Grupo SID,Industrial,13115,2025-05-09,2025-06-08,5,Al Dia,0-30 dias (Sano)
FAC-100168,Humano Seguros,Industrial,40062,2025-03-04,2025-04-03,5,Al Dia,0-30 dias (Sano)
FAC-100169,Grupo SID,Seguros,23911,2025-04-19,2025-05-19,5,Al Dia,0-30 dias (Sano)
FAC-100170,Grupo SID,Seguros,39525,2025-01-21,2025-02-20,20,Al Dia,0-30 dias (Sano)
FAC-100171,Grupo SID,Consumo Masivo,33556,2025-06-07,2025-07-07,0,Al Dia,0-30 dias (Sano)
FAC-100172,Banco Popular,Consumo Masivo,13595,2025-09-26,2025-10-26,30,Al Dia,0-30 dias (Sano)
FAC-100173,Banco Popular,Energia,2969,2025-06-11,2025-07-11,10,Al Dia,0-30 dias (Sano)
FAC-100174,Humano Seguros,Servicios,44753,2025-09-17,2025-10-17,5,Al Dia,0-30 dias (Sano)
FAC-100175,Grupo Ramos,Energia,18275,2025-04-12,2025-05-12,75,Gestion Intensiva,61-90 dias (Riesgo Medio)
FAC-100176,Grupo Ramos,Retail,5470,2025-08-11,2025-09-10,15,Al Dia,0-30 dias (Sano)
FAC-100177,La Sirena,Banca,11225,2025-02-28,2025-03-30,0,Al Dia,0-30 dias (Sano)
FAC-100178,Banco Popular,Consumo Masivo,43324,2025-09-04,2025-10-04,60,Seguimiento,31-60 dias (Riesgo Leve)
FAC-100179,Caribbean Cinemas,Seguros,42974,2025-05-08,2025-06-07,0,Al Dia,0-30 dias (Sano)
FAC-100180,Universal Seguros,Telecomunicaciones,43759,2025-10-10,2025-11-09,45,Seguimiento,31-60 dias (Riesgo Leve)
FAC-100181,Claro Dominicana,Seguros,24196,2025-11-21,2025-12-21,45,Seguimiento,31-60 dias (Riesgo Leve)
FAC-100182,Scotiabank,Banca,41287,2025-01-25,2025-02-24,10,Al Dia,0-30 dias (Sano)
FAC-100183,Grupo SID,Energia,14669,2025-05-11,2025-06-10,60,Seguimiento,31-60 dias (Riesgo Leve)
FAC-100184,Universal Seguros,Seguros,38380,2025-12-19,2026-01-18,15,Al Dia,0-30 dias (Sano)
FAC-100185,Humano Seguros,Servicios,46141,2025-07-15,2025-08-14,15,Al Dia,0-30 dias (Sano)
FAC-100186,Helados Bon,Retail,49320,2025-10-08,2025-11-07,0,Al Dia,0-30 dias (Sano)
FAC-100187,Banco Popular,Banca,48414,2025-06-03,2025-07-03,5,Al Dia,0-30 dias (Sano)
FAC-100188,Universal Seguros,Energia,39006,2025-05-13,2025-06-12,90,Gestion Intensiva,61-90 dias (Riesgo Medio)
FAC-100189,Scotiabank,Servicios,16577,2025-08-15,2025-09-14,10,Al Dia,0-30 dias (Sano)
FAC-100190,Cemex Dominicana,Telecomunicaciones,23473,2025-07-08,2025-08-07,15,Al Dia,0-30 dias (Sano)
FAC-100191,Cemex Dominicana,Energia,29625,2025-09-22,2025-10-22,15,Al Dia,0-30 dias (Sano)
FAC-100192,Grupo Ramos,Industrial,16504,2025-05-14,2025-06-13,20,Al Dia,0-30 dias (Sano)
FAC-100193,Cerveceria Nacional Dominicana,Servicios,25089,2025-07-30,2025-08-29,0,Al Dia,0-30 dias (Sano)
FAC-100194,Universal Seguros,Servicios,37487,2025-03-01,2025-03-31,10,Al Dia,0-30 dias (Sano)
FAC-100195,Cemex Dominicana,Retail,1302,2025-12-30,2026-01-29,45,Seguimiento,31-60 dias (Riesgo Leve)
FAC-100196,Altice Dominicana,Banca,32463,2025-12-30,2026-01-29,5,Al Dia,0-30 dias (Sano)
FAC-100197,Helados Bon,Telecomunicaciones,45912,2025-08-01,2025-08-31,5,Al Dia,0-30 dias (Sano)
FAC-100198,Claro Dominicana,Retail,30259,2025-08-04,2025-09-03,0,Al Dia,0-30 dias (Sano)
FAC-100199,La Sirena,Energia,43823,2025-08-14,2025-09-13,10,Al Dia,0-30 dias (Sano)
FAC-100200,Altice Dominicana,Retail,38208,2025-05-11,2025-06-10,75,Gestion Intensiva,61-90 dias (Riesgo Medio)
FAC-100201,La Sirena,Servicios,31659,2025-03-17,2025-04-16,0,Al Dia,0-30 dias (Sano)
FAC-100202,Helados Bon,Banca,36840,2025-10-13,2025-11-12,0,Al Dia,0-30 dias (Sano)
FAC-100203,Centro Cuesta Nacional,Consumo Masivo,32890,2025-10-04,2025-11-03,5,Al Dia,0-30 dias (Sano)
FAC-100204,Helados Bon,Retail,14598,2025-06-05,2025-07-05,45,Seguimiento,31-60 dias (Riesgo Leve)
FAC-100205,Cerveceria Nacional Dominicana,Industrial,48055,2025-09-05,2025-10-05,30,Al Dia,0-30 dias (Sano)
FAC-100206,Grupo Ramos,Retail,47733,2025-08-06,2025-09-05,10,Al Dia,0-30 dias (Sano)
FAC-100207,Grupo Rica,Energia,20508,2025-07-09,2025-08-08,45,Seguimiento,31-60 dias (Riesgo Leve)
FAC-100208,Centro Cuesta Nacional,Energia,43287,2025-06-12,2025-07-12,20,Al Dia,0-30 dias (Sano)
FAC-100209,Inicia,Telecomunicaciones,14380,2025-06-29,2025-07-29,75,Gestion Intensiva,61-90 dias (Riesgo Medio)
FAC-100210,Grupo Rica,Energia,27984,2025-02-03,2025-03-05,60,Seguimiento,31-60 dias (Riesgo Leve)
FAC-100211,Grupo Ramos,Seguros,45633,2025-02-10,2025-03-12,5,Al Dia,0-30 dias (Sano)
FAC-100212,Scotiabank,Banca,9125,2025-11-03,2025-12-03,5,Al Dia,0-30 dias (Sano)
FAC-100213,Inicia,Banca,37059,2025-12-04,2026-01-03,0,Al Dia,0-30 dias (Sano)
FAC-100214,Banesco,Consumo Masivo,5033,2025-11-10,2025-12-10,5,Al Dia,0-30 dias (Sano)
FAC-100215,Altice Dominicana,Consumo Masivo,38873,2025-03-16,2025-04-15,180,Critico,+90 dias (Critico)
FAC-100216,Centro Cuesta Nacional,Banca,18087,2025-10-06,2025-11-05,10,Al Dia,0-30 dias (Sano)
FAC-100217,Cemex Dominicana,Industrial,41901,2025-06-25,2025-07-25,5,Al Dia,0-30 dias (Sano)
FAC-100218,Cemex Dominicana,Consumo Masivo,6704,2025-05-30,2025-06-29,45,Seguimiento,31-60 dias (Riesgo Leve)
FAC-100219,Helados Bon,Telecomunicaciones,8848,2025-09-30,2025-10-30,15,Al Dia,0-30 dias (Sano)
FAC-100220,Grupo SID,Energia,22592,2025-11-21,2025-12-21,0,Al Dia,0-30 dias (Sano)
FAC-100221,Banco Popular,Banca,46743,2025-04-18,2025-05-18,10,Al Dia,0-30 dias (Sano)
FAC-100222,Grupo Ramos,Servicios,7924,2025-05-19,2025-06-18,10,Al Dia,0-30 dias (Sano)
FAC-100223,Cemex Dominicana,Consumo Masivo,28208,2025-12-16,2026-01-15,45,Seguimiento,31-60 dias (Riesgo Leve)
FAC-100224,Caribbean Cinemas,Banca,20614,2025-09-28,2025-10-28,0,Al Dia,0-30 dias (Sano)
FAC-100225,Humano Seguros,Seguros,1488,2025-12-13,2026-01-12,5,Al Dia,0-30 dias (Sano)
FAC-100226,Humano Seguros,Retail,40882,2025-10-16,2025-11-15,15,Al Dia,0-30 dias (Sano)
FAC-100227,Cerveceria Nacional Dominicana,Energia,26923,2025-07-31,2025-08-30,5,Al Dia,0-30 dias (Sano)
FAC-100228,Cerveceria Nacional Dominicana,Banca,49508,2025-09-29,2025-10-29,20,Al Dia,0-30 dias (Sano)
FAC-100229,Altice Dominicana,Retail,36941,2025-03-07,2025-04-06,15,Al Dia,0-30 dias (Sano)
FAC-100230,La Sirena,Consumo Masivo,30165,2025-09-05,2025-10-05,10,Al Dia,0-30 dias (Sano)
FAC-100231,Cemex Dominicana,Retail,2667,2025-06-05,2025-07-05,90,Gestion Intensiva,61-90 dias (Riesgo Medio)
FAC-100232,Cemex Dominicana,Energia,27213,2025-02-16,2025-03-18,30,Al Dia,0-30 dias (Sano)
FAC-100233,Altice Dominicana,Banca,5114,2025-07-20,2025-08-19,0,Al Dia,0-30 dias (Sano)
FAC-100234,Helados Bon,Seguros,37321,2025-05-28,2025-06-27,20,Al Dia,0-30 dias (Sano)
FAC-100235,Grupo Ramos,Industrial,8761,2025-05-04,2025-06-03,60,Seguimiento,31-60 dias (Riesgo Leve)
FAC-100236,Helados Bon,Consumo Masivo,32116,2025-01-01,2025-01-31,30,Al Dia,0-30 dias (Sano)
FAC-100237,Scotiabank,Banca,34768,2025-09-04,2025-10-04,0,Al Dia,0-30 dias (Sano)
FAC-100238,Grupo SID,Energia,49406,2025-12-09,2026-01-08,120,Critico,+90 dias (Critico)
FAC-100239,Grupo Rica,Consumo Masivo,26426,2025-05-08,2025-06-07,10,Al Dia,0-30 dias (Sano)
FAC-100240,Claro Dominicana,Telecomunicaciones,18772,2025-07-10,2025-08-09,0,Al Dia,0-30 dias (Sano)
FAC-100241,Universal Seguros,Retail,39218,2025-03-08,2025-04-07,0,Al Dia,0-30 dias (Sano)
FAC-100242,Grupo Rica,Industrial,4712,2025-01-04,2025-02-03,0,Al Dia,0-30 dias (Sano)
FAC-100243,Helados Bon,Energia,2367,2025-10-30,2025-11-29,60,Seguimiento,31-60 dias (Riesgo Leve)
FAC-100244,Altice Dominicana,Telecomunicaciones,41957,2025-10-21,2025-11-20,0,Al Dia,0-30 dias (Sano)
FAC-100245,Cemex Dominicana,Servicios,42781,2025-05-23,2025-06-22,0,Al Dia,0-30 dias (Sano)
FAC-100246,Altice Dominicana,Banca,27200,2025-07-10,2025-08-09,75,Gestion Intensiva,61-90 dias (Riesgo Medio)
FAC-100247,Inicia,Seguros,4726,2025-01-21,2025-02-20,5,Al Dia,0-30 dias (Sano)
FAC-100248,Mercasid,Consumo Masivo,24616,2025-08-15,2025-09-14,0,Al Dia,0-30 dias (Sano)
FAC-100249,Inicia,Retail,28723,2025-11-09,2025-12-09,0,Al Dia,0-30 dias (Sano)
FAC-100250,Banco Popular,Consumo Masivo,38574,2025-04-27,2025-05-27,0,Al Dia,0-30 dias (Sano)
FAC-100251,Altice Dominicana,Industrial,35958,2025-10-29,2025-11-28,5,Al Dia,0-30 dias (Sano)
FAC-100252,Cemex Dominicana,Banca,10108,2025-05-22,2025-06-21,30,Al Dia,0-30 dias (Sano)
FAC-100253,Cerveceria Nacional Dominicana,Consumo Masivo,13178,2025-02-08,2025-03-10,0,Al Dia,0-30 dias (Sano)
FAC-100254,Claro Dominicana,Retail,36643,2025-12-21,2026-01-20,0,Al Dia,0-30 dias (Sano)
FAC-100255,Grupo Ramos,Banca,32324,2025-09-09,2025-10-09,45,Seguimiento,31-60 dias (Riesgo Leve)
FAC-100256,Claro Dominicana,Consumo Masivo,39360,2025-11-29,2025-12-29,30,Al Dia,0-30 dias (Sano)
FAC-100257,Grupo Ramos,Seguros,18824,2025-07-26,2025-08-25,10,Al Dia,0-30 dias (Sano)
FAC-100258,Mercasid,Energia,46360,2025-07-29,2025-08-28,15,Al Dia,0-30 dias (Sano)
FAC-100259,Cemex Dominicana,Banca,9927,2025-04-25,2025-05-25,5,Al Dia,0-30 dias (Sano)
FAC-100260,Helados Bon,Energia,29144,2025-08-13,2025-09-12,15,Al Dia,0-30 dias (Sano)
FAC-100261,Grupo Rica,Servicios,32010,2025-05-14,2025-06-13,15,Al Dia,0-30 dias (Sano)
FAC-100262,Centro Cuesta Nacional,Banca,23443,2025-09-08,2025-10-08,10,Al Dia,0-30 dias (Sano)
FAC-100263,Altice Dominicana,Seguros,15437,2025-08-07,2025-09-06,90,Gestion Intensiva,61-90 dias (Riesgo Medio)
FAC-100264,Grupo SID,Energia,45298,2025-04-01,2025-05-01,0,Al Dia,0-30 dias (Sano)
FAC-100265,Grupo Ramos,Telecomunicaciones,40778,2025-12-20,2026-01-19,60,Seguimiento,31-60 dias (Riesgo Leve)
FAC-100266,Cemex Dominicana,Retail,12207,2025-02-15,2025-03-17,0,Al Dia,0-30 dias (Sano)
FAC-100267,Caribbean Cinemas,Telecomunicaciones,26537,2025-02-07,2025-03-09,60,Seguimiento,31-60 dias (Riesgo Leve)
FAC-100268,La Sirena,Consumo Masivo,36757,2025-05-22,2025-06-21,20,Al Dia,0-30 dias (Sano)
FAC-100269,Mercasid,Seguros,13040,2025-04-10,2025-05-10,75,Gestion Intensiva,61-90 dias (Riesgo Medio)
FAC-100270,Universal Seguros,Telecomunicaciones,42986,2025-11-24,2025-12-24,0,Al Dia,0-30 dias (Sano)
FAC-100271,Universal Seguros,Banca,23612,2025-07-09,2025-08-08,20,Al Dia,0-30 dias (Sano)
FAC-100272,Sambil,Consumo Masivo,29441,2025-02-04,2025-03-06,15,Al Dia,0-30 dias (Sano)
FAC-100273,La Sirena,Consumo Masivo,7471,2025-05-27,2025-06-26,30,Al Dia,0-30 dias (Sano)
FAC-100274,Grupo Rica,Telecomunicaciones,36631,2025-01-30,2025-03-01,15,Al Dia,0-30 dias (Sano)
FAC-100275,Banco Popular,Servicios,44461,2025-11-30,2025-12-30,15,Al Dia,0-30 dias (Sano)
FAC-100276,Grupo Ramos,Telecomunicaciones,27523,2025-03-25,2025-04-24,10,Al Dia,0-30 dias (Sano)
FAC-100277,EGE Haina,Servicios,32348,2025-10-08,2025-11-07,5,Al Dia,0-30 dias (Sano)
FAC-100278,Grupo Ramos,Seguros,2177,2025-12-10,2026-01-09,15,Al Dia,0-30 dias (Sano)
FAC-100279,Humano Seguros,Retail,5760,2025-09-27,2025-10-27,0,Al Dia,0-30 dias (Sano)
FAC-100280,Cemex Dominicana,Telecomunicaciones,33779,2025-06-03,2025-07-03,120,Critico,+90 dias (Critico)
FAC-100281,La Sirena,Industrial,22636,2025-04-12,2025-05-12,45,Seguimiento,31-60 dias (Riesgo Leve)
FAC-100282,Claro Dominicana,Servicios,17353,2025-08-03,2025-09-02,120,Critico,+90 dias (Critico)
FAC-100283,Altice Dominicana,Telecomunicaciones,12556,2025-05-30,2025-06-29,5,Al Dia,0-30 dias (Sano)
FAC-100284,Grupo SID,Energia,28598,2025-03-24,2025-04-23,75,Gestion Intensiva,61-90 dias (Riesgo Medio)
FAC-100285,Grupo SID,Banca,12563,2025-04-20,2025-05-20,60,Seguimiento,31-60 dias (Riesgo Leve)
FAC-100286,Caribbean Cinemas,Industrial,47819,2025-10-02,2025-11-01,30,Al Dia,0-30 dias (Sano)
FAC-100287,Mercasid,Industrial,44790,2025-07-20,2025-08-19,20,Al Dia,0-30 dias (Sano)
FAC-100288,Universal Seguros,Servicios,9234,2025-10-11,2025-11-10,5,Al Dia,0-30 dias (Sano)
FAC-100289,Altice Dominicana,Energia,26519,2025-06-22,2025-07-22,60,Seguimiento,31-60 dias (Riesgo Leve)
FAC-100290,Cerveceria Nacional Dominicana,Energia,27966,2025-11-23,2025-12-23,15,Al Dia,0-30 dias (Sano)
FAC-100291,Humano Seguros,Consumo Masivo,17173,2025-07-25,2025-08-24,0,Al Dia,0-30 dias (Sano)
FAC-100292,Grupo SID,Servicios,27987,2025-03-04,2025-04-03,5,Al Dia,0-30 dias (Sano)
FAC-100293,Mercasid,Retail,14178,2025-03-14,2025-04-13,90,Gestion Intensiva,61-90 dias (Riesgo Medio)
FAC-100294,Altice Dominicana,Banca,40338,2025-09-08,2025-10-08,75,Gestion Intensiva,61-90 dias (Riesgo Medio)
FAC-100295,Grupo Ramos,Seguros,25596,2025-05-04,2025-06-03,180,Critico,+90 dias (Critico)
FAC-100296,Helados Bon,Industrial,34174,2025-05-01,2025-05-31,20,Al Dia,0-30 dias (Sano)
FAC-100297,Grupo Ramos,Seguros,42974,2025-10-02,2025-11-01,5,Al Dia,0-30 dias (Sano)
FAC-100298,Altice Dominicana,Telecomunicaciones,5431,2025-04-30,2025-05-30,0,Al Dia,0-30 dias (Sano)
FAC-100299,Inicia,Telecomunicaciones,28764,2025-11-13,2025-12-13,0,Al Dia,0-30 dias (Sano)
FAC-100300,Banesco,Seguros,22627,2025-06-13,2025-07-13,0,Al Dia,0-30 dias (Sano)
FAC-100301,Altice Dominicana,Telecomunicaciones,40310,2025-10-13,2025-11-12,10,Al Dia,0-30 dias (Sano)
FAC-100302,Grupo Rica,Retail,9906,2025-09-22,2025-10-22,0,Al Dia,0-30 dias (Sano)
FAC-100303,Mercasid,Energia,37914,2025-11-16,2025-12-16,10,Al Dia,0-30 dias (Sano)
FAC-100304,Inicia,Telecomunicaciones,45814,2025-06-10,2025-07-10,90,Gestion Intensiva,61-90 dias (Riesgo Medio)
FAC-100305,EGE Haina,Consumo Masivo,46379,2025-11-04,2025-12-04,10,Al Dia,0-30 dias (Sano)
FAC-100306,Banco Popular,Telecomunicaciones,14076,2025-03-30,2025-04-29,75,Gestion Intensiva,61-90 dias (Riesgo Medio)
FAC-100307,Banesco,Banca,38650,2025-05-22,2025-06-21,20,Al Dia,0-30 dias (Sano)
FAC-100308,Banco Popular,Retail,47881,2025-07-22,2025-08-21,5,Al Dia,0-30 dias (Sano)
FAC-100309,Grupo SID,Banca,47413,2025-11-05,2025-12-05,10,Al Dia,0-30 dias (Sano)
FAC-100310,Grupo Rica,Banca,7012,2025-08-15,2025-09-14,0,Al Dia,0-30 dias (Sano)
FAC-100311,Grupo Ramos,Consumo Masivo,8151,2025-11-30,2025-12-30,5,Al Dia,0-30 dias (Sano)
FAC-100312,Cerveceria Nacional Dominicana,Retail,29211,2025-08-10,2025-09-09,30,Al Dia,0-30 dias (Sano)
FAC-100313,Scotiabank,Retail,28117,2025-02-10,2025-03-12,0,Al Dia,0-30 dias (Sano)
FAC-100314,Cemex Dominicana,Servicios,37378,2025-07-15,2025-08-14,5,Al Dia,0-30 dias (Sano)
FAC-100315,Centro Cuesta Nacional,Retail,43652,2025-03-09,2025-04-08,10,Al Dia,0-30 dias (Sano)
FAC-100316,Banesco,Retail,7894,2025-09-21,2025-10-21,180,Critico,+90 dias (Critico)
FAC-100317,Altice Dominicana,Retail,14467,2025-01-02,2025-02-01,60,Seguimiento,31-60 dias (Riesgo Leve)
FAC-100318,Inicia,Consumo Masivo,32010,2025-12-27,2026-01-26,45,Seguimiento,31-60 dias (Riesgo Leve)
FAC-100319,Sambil,Telecomunicaciones,43641,2025-05-05,2025-06-04,0,Al Dia,0-30 dias (Sano)
FAC-100320,Centro Cuesta Nacional,Servicios,13289,2025-04-20,2025-05-20,60,Seguimiento,31-60 dias (Riesgo Leve)
FAC-100321,Claro Dominicana,Banca,45976,2025-03-27,2025-04-26,60,Seguimiento,31-60 dias (Riesgo Leve)
FAC-100322,Sambil,Retail,44596,2025-04-30,2025-05-30,20,Al Dia,0-30 dias (Sano)
FAC-100323,Helados Bon,Industrial,24171,2025-05-07,2025-06-06,180,Critico,+90 dias (Critico)
FAC-100324,Grupo Ramos,Telecomunicaciones,35905,2025-09-12,2025-10-12,5,Al Dia,0-30 dias (Sano)
FAC-100325,Grupo Rica,Telecomunicaciones,21829,2025-07-02,2025-08-01,90,Gestion Intensiva,61-90 dias (Riesgo Medio)
FAC-100326,Mercasid,Banca,35054,2025-01-16,2025-02-15,90,Gestion Intensiva,61-90 dias (Riesgo Medio)
FAC-100327,Cemex Dominicana,Consumo Masivo,49478,2025-03-03,2025-04-02,0,Al Dia,0-30 dias (Sano)
FAC-100328,Mercasid,Seguros,45139,2025-06-07,2025-07-07,15,Al Dia,0-30 dias (Sano)
FAC-100329,Caribbean Cinemas,Seguros,49713,2025-09-25,2025-10-25,120,Critico,+90 dias (Critico)
FAC-100330,La Sirena,Telecomunicaciones,30734,2025-02-04,2025-03-06,0,Al Dia,0-30 dias (Sano)
FAC-100331,EGE Haina,Energia,8052,2025-09-24,2025-10-24,15,Al Dia,0-30 dias (Sano)
FAC-100332,Banco Popular,Energia,4654,2025-03-05,2025-04-04,120,Critico,+90 dias (Critico)
FAC-100333,Banco Popular,Banca,24486,2025-02-19,2025-03-21,20,Al Dia,0-30 dias (Sano)
FAC-100334,La Sirena,Seguros,19743,2025-09-12,2025-10-12,0,Al Dia,0-30 dias (Sano)
FAC-100335,Grupo SID,Telecomunicaciones,49368,2025-05-29,2025-06-28,20,Al Dia,0-30 dias (Sano)
FAC-100336,Helados Bon,Consumo Masivo,25489,2025-11-21,2025-12-21,5,Al Dia,0-30 dias (Sano)
FAC-100337,Banesco,Seguros,9636,2025-10-31,2025-11-30,15,Al Dia,0-30 dias (Sano)
FAC-100338,Universal Seguros,Telecomunicaciones,7441,2025-10-03,2025-11-02,0,Al Dia,0-30 dias (Sano)
FAC-100339,EGE Haina,Telecomunicaciones,25611,2025-12-23,2026-01-22,20,Al Dia,0-30 dias (Sano)
FAC-100340,Scotiabank,Retail,43435,2025-06-21,2025-07-21,15,Al Dia,0-30 dias (Sano)
FAC-100341,Humano Seguros,Consumo Masivo,13149,2025-07-20,2025-08-19,45,Seguimiento,31-60 dias (Riesgo Leve)
FAC-100342,Grupo Ramos,Retail,35566,2025-11-20,2025-12-20,30,Al Dia,0-30 dias (Sano)
FAC-100343,Grupo Rica,Banca,43368,2025-02-04,2025-03-06,15,Al Dia,0-30 dias (Sano)
FAC-100344,Caribbean Cinemas,Retail,22675,2025-08-04,2025-09-03,30,Al Dia,0-30 dias (Sano)
FAC-100345,Caribbean Cinemas,Industrial,6495,2025-03-06,2025-04-05,0,Al Dia,0-30 dias (Sano)
FAC-100346,Humano Seguros,Retail,43668,2025-01-08,2025-02-07,20,Al Dia,0-30 dias (Sano)
FAC-100347,Centro Cuesta Nacional,Industrial,14673,2025-10-28,2025-11-27,0,Al Dia,0-30 dias (Sano)
FAC-100348,Claro Dominicana,Seguros,12130,2025-12-09,2026-01-08,90,Gestion Intensiva,61-90 dias (Riesgo Medio)
FAC-100349,Universal Seguros,Energia,23668,2025-11-28,2025-12-28,0,Al Dia,0-30 dias (Sano)
FAC-100350,Sambil,Servicios,16222,2025-03-17,2025-04-16,10,Al Dia,0-30 dias (Sano)
FAC-100351,Helados Bon,Servicios,24669,2025-06-23,2025-07-23,30,Al Dia,0-30 dias (Sano)
FAC-100352,EGE Haina,Telecomunicaciones,35068,2025-02-16,2025-03-18,15,Al Dia,0-30 dias (Sano)
FAC-100353,Altice Dominicana,Servicios,24253,2025-01-15,2025-02-14,0,Al Dia,0-30 dias (Sano)
FAC-100354,Grupo Rica,Industrial,10435,2025-12-27,2026-01-26,20,Al Dia,0-30 dias (Sano)
FAC-100355,Helados Bon,Consumo Masivo,29552,2025-05-27,2025-06-26,30,Al Dia,0-30 dias (Sano)
FAC-100356,Cemex Dominicana,Retail,38384,2025-01-26,2025-02-25,30,Al Dia,0-30 dias (Sano)
FAC-100357,Sambil,Industrial,17393,2025-11-04,2025-12-04,10,Al Dia,0-30 dias (Sano)
FAC-100358,Inicia,Consumo Masivo,11617,2025-04-03,2025-05-03,20,Al Dia,0-30 dias (Sano)
FAC-100359,Banesco,Energia,39520,2025-08-20,2025-09-19,15,Al Dia,0-30 dias (Sano)
FAC-100360,La Sirena,Servicios,10852,2025-01-21,2025-02-20,30,Al Dia,0-30 dias (Sano)
FAC-100361,Grupo SID,Energia,32401,2025-11-03,2025-12-03,20,Al Dia,0-30 dias (Sano)
FAC-100362,La Sirena,Servicios,7295,2025-02-07,2025-03-09,15,Al Dia,0-30 dias (Sano)
FAC-100363,Humano Seguros,Retail,36993,2025-10-03,2025-11-02,5,Al Dia,0-30 dias (Sano)
FAC-100364,Cerveceria Nacional Dominicana,Banca,35084,2025-06-06,2025-07-06,0,Al Dia,0-30 dias (Sano)
FAC-100365,Caribbean Cinemas,Retail,46105,2025-06-28,2025-07-28,0,Al Dia,0-30 dias (Sano)
FAC-100366,Grupo Ramos,Seguros,40575,2025-05-12,2025-06-11,0,Al Dia,0-30 dias (Sano)
FAC-100367,Grupo Ramos,Industrial,37451,2025-11-07,2025-12-07,10,Al Dia,0-30 dias (Sano)
FAC-100368,EGE Haina,Telecomunicaciones,8227,2025-12-14,2026-01-13,20,Al Dia,0-30 dias (Sano)
FAC-100369,Banco Popular,Banca,32910,2025-01-28,2025-02-27,5,Al Dia,0-30 dias (Sano)
FAC-100370,Cemex Dominicana,Retail,37041,2025-09-17,2025-10-17,90,Gestion Intensiva,61-90 dias (Riesgo Medio)
FAC-100371,Grupo Rica,Consumo Masivo,24384,2025-03-17,2025-04-16,0,Al Dia,0-30 dias (Sano)
FAC-100372,Sambil,Banca,1145,2025-03-08,2025-04-07,45,Seguimiento,31-60 dias (Riesgo Leve)
FAC-100373,Grupo Ramos,Industrial,38778,2025-12-08,2026-01-07,20,Al Dia,0-30 dias (Sano)
FAC-100374,Cemex Dominicana,Servicios,17035,2025-07-13,2025-08-12,10,Al Dia,0-30 dias (Sano)
FAC-100375,Centro Cuesta Nacional,Banca,4040,2025-06-11,2025-07-11,0,Al Dia,0-30 dias (Sano)
FAC-100376,Humano Seguros,Servicios,43422,2025-12-13,2026-01-12,20,Al Dia,0-30 dias (Sano)
FAC-100377,Altice Dominicana,Industrial,27160,2025-12-27,2026-01-26,10,Al Dia,0-30 dias (Sano)
FAC-100378,Caribbean Cinemas,Retail,18633,2025-09-14,2025-10-14,90,Gestion Intensiva,61-90 dias (Riesgo Medio)
FAC-100379,Cemex Dominicana,Industrial,30344,2025-03-13,2025-04-12,15,Al Dia,0-30 dias (Sano)
FAC-100380,La Sirena,Banca,18014,2025-03-28,2025-04-27,90,Gestion Intensiva,61-90 dias (Riesgo Medio)
FAC-100381,Humano Seguros,Consumo Masivo,15996,2025-09-19,2025-10-19,5,Al Dia,0-30 dias (Sano)
FAC-100382,Mercasid,Energia,42621,2025-08-02,2025-09-01,45,Seguimiento,31-60 dias (Riesgo Leve)
FAC-100383,Humano Seguros,Banca,12695,2025-06-02,2025-07-02,20,Al Dia,0-30 dias (Sano)
FAC-100384,EGE Haina,Industrial,3852,2025-07-29,2025-08-28,45,Seguimiento,31-60 dias (Riesgo Leve)
FAC-100385,Grupo SID,Energia,17014,2025-03-02,2025-04-01,5,Al Dia,0-30 dias (Sano)
FAC-100386,Mercasid,Industrial,28042,2025-09-25,2025-10-25,30,Al Dia,0-30 dias (Sano)
FAC-100387,Helados Bon,Consumo Masivo,34755,2025-09-19,2025-10-19,15,Al Dia,0-30 dias (Sano)
FAC-100388,Humano Seguros,Industrial,41390,2025-08-06,2025-09-05,45,Seguimiento,31-60 dias (Riesgo Leve)
FAC-100389,Caribbean Cinemas,Retail,24711,2025-10-10,2025-11-09,5,Al Dia,0-30 dias (Sano)
FAC-100390,Cemex Dominicana,Telecomunicaciones,27122,2025-05-16,2025-06-15,75,Gestion Intensiva,61-90 dias (Riesgo Medio)
FAC-100391,Cemex Dominicana,Servicios,10160,2025-12-28,2026-01-27,0,Al Dia,0-30 dias (Sano)
FAC-100392,Centro Cuesta Nacional,Servicios,28213,2025-04-03,2025-05-03,60,Seguimiento,31-60 dias (Riesgo Leve)
FAC-100393,Claro Dominicana,Banca,40420,2025-04-19,2025-05-19,75,Gestion Intensiva,61-90 dias (Riesgo Medio)
FAC-100394,Grupo Ramos,Telecomunicaciones,8421,2025-08-29,2025-09-28,60,Seguimiento,31-60 dias (Riesgo Leve)
FAC-100395,Humano Seguros,Industrial,22400,2025-12-21,2026-01-20,15,Al Dia,0-30 dias (Sano)
FAC-100396,Banesco,Consumo Masivo,34537,2025-05-22,2025-06-21,10,Al Dia,0-30 dias (Sano)
FAC-100397,Humano Seguros,Banca,18727,2025-10-18,2025-11-17,180,Critico,+90 dias (Critico)
FAC-100398,Claro Dominicana,Industrial,47882,2025-08-25,2025-09-24,5,Al Dia,0-30 dias (Sano)
FAC-100399,Banco Popular,Energia,5358,2025-12-06,2026-01-05,15,Al Dia,0-30 dias (Sano)
FAC-100400,Helados Bon,Seguros,29482,2025-11-08,2025-12-08,30,Al Dia,0-30 dias (Sano)
FAC-100401,Banesco,Industrial,33117,2025-06-26,2025-07-26,30,Al Dia,0-30 dias (Sano)
FAC-100402,La Sirena,Telecomunicaciones,24164,2025-05-21,2025-06-20,5,Al Dia,0-30 dias (Sano)
FAC-100403,Grupo Ramos,Banca,32910,2025-07-08,2025-08-07,30,Al Dia,0-30 dias (Sano)
FAC-100404,Humano Seguros,Telecomunicaciones,33496,2025-02-18,2025-03-20,60,Seguimiento,31-60 dias (Riesgo Leve)
FAC-100405,Sambil,Banca,45311,2025-10-29,2025-11-28,0,Al Dia,0-30 dias (Sano)
FAC-100406,Claro Dominicana,Industrial,30371,2025-07-09,2025-08-08,90,Gestion Intensiva,61-90 dias (Riesgo Medio)
FAC-100407,Cemex Dominicana,Retail,39467,2025-05-16,2025-06-15,0,Al Dia,0-30 dias (Sano)
FAC-100408,Cemex Dominicana,Energia,18625,2025-02-12,2025-03-14,10,Al Dia,0-30 dias (Sano)
FAC-100409,Banco Popular,Industrial,34893,2025-12-19,2026-01-18,0,Al Dia,0-30 dias (Sano)
FAC-100410,Grupo SID,Servicios,11793,2025-03-31,2025-04-30,0,Al Dia,0-30 dias (Sano)
FAC-100411,Helados Bon,Telecomunicaciones,32007,2025-10-22,2025-11-21,90,Gestion Intensiva,61-90 dias (Riesgo Medio)
FAC-100412,Caribbean Cinemas,Seguros,26766,2025-12-07,2026-01-06,10,Al Dia,0-30 dias (Sano)
FAC-100413,Inicia,Seguros,40532,2025-09-02,2025-10-02,10,Al Dia,0-30 dias (Sano)
FAC-100414,Altice Dominicana,Consumo Masivo,13323,2025-07-11,2025-08-10,5,Al Dia,0-30 dias (Sano)
FAC-100415,Grupo Ramos,Banca,46799,2025-11-14,2025-12-14,20,Al Dia,0-30 dias (Sano)
FAC-100416,Grupo Ramos,Telecomunicaciones,47820,2025-04-16,2025-05-16,20,Al Dia,0-30 dias (Sano)
FAC-100417,La Sirena,Consumo Masivo,46408,2025-12-29,2026-01-28,10,Al Dia,0-30 dias (Sano)
FAC-100418,Scotiabank,Telecomunicaciones,8843,2025-11-06,2025-12-06,5,Al Dia,0-30 dias (Sano)
FAC-100419,Humano Seguros,Servicios,15210,2025-08-21,2025-09-20,75,Gestion Intensiva,61-90 dias (Riesgo Medio)
FAC-100420,Caribbean Cinemas,Banca,17456,2025-09-22,2025-10-22,10,Al Dia,0-30 dias (Sano)
FAC-100421,Altice Dominicana,Industrial,32367,2025-12-10,2026-01-09,15,Al Dia,0-30 dias (Sano)
FAC-100422,Grupo Ramos,Industrial,11106,2025-02-06,2025-03-08,5,Al Dia,0-30 dias (Sano)
FAC-100423,Grupo Ramos,Seguros,38957,2025-11-01,2025-12-01,60,Seguimiento,31-60 dias (Riesgo Leve)
FAC-100424,Grupo Rica,Industrial,3472,2025-02-10,2025-03-12,10,Al Dia,0-30 dias (Sano)
FAC-100425,Banesco,Industrial,7704,2025-01-17,2025-02-16,15,Al Dia,0-30 dias (Sano)
FAC-100426,Scotiabank,Servicios,4713,2025-12-10,2026-01-09,5,Al Dia,0-30 dias (Sano)
FAC-100427,Caribbean Cinemas,Retail,6051,2025-10-04,2025-11-03,180,Critico,+90 dias (Critico)
FAC-100428,Sambil,Seguros,11756,2025-11-03,2025-12-03,5,Al Dia,0-30 dias (Sano)
FAC-100429,Caribbean Cinemas,Consumo Masivo,3475,2025-02-28,2025-03-30,45,Seguimiento,31-60 dias (Riesgo Leve)
FAC-100430,Mercasid,Energia,37378,2025-07-02,2025-08-01,10,Al Dia,0-30 dias (Sano)
FAC-100431,Banco Popular,Retail,5255,2025-02-10,2025-03-12,5,Al Dia,0-30 dias (Sano)
FAC-100432,La Sirena,Consumo Masivo,15484,2025-02-08,2025-03-10,60,Seguimiento,31-60 dias (Riesgo Leve)
FAC-100433,Inicia,Banca,35503,2025-07-11,2025-08-10,5,Al Dia,0-30 dias (Sano)
FAC-100434,Altice Dominicana,Retail,9258,2025-09-24,2025-10-24,75,Gestion Intensiva,61-90 dias (Riesgo Medio)
FAC-100435,Grupo SID,Servicios,41747,2025-05-27,2025-06-26,90,Gestion Intensiva,61-90 dias (Riesgo Medio)
FAC-100436,Grupo Rica,Consumo Masivo,36196,2025-11-29,2025-12-29,75,Gestion Intensiva,61-90 dias (Riesgo Medio)
FAC-100437,Banesco,Banca,46113,2025-05-07,2025-06-06,0,Al Dia,0-30 dias (Sano)
FAC-100438,Banco Popular,Seguros,41194,2025-02-15,2025-03-17,60,Seguimiento,31-60 dias (Riesgo Leve)
FAC-100439,La Sirena,Energia,9533,2025-02-14,2025-03-16,10,Al Dia,0-30 dias (Sano)
FAC-100440,Cerveceria Nacional Dominicana,Banca,33581,2025-01-01,2025-01-31,75,Gestion Intensiva,61-90 dias (Riesgo Medio)
FAC-100441,Centro Cuesta Nacional,Industrial,6249,2025-06-17,2025-07-17,30,Al Dia,0-30 dias (Sano)
FAC-100442,Claro Dominicana,Telecomunicaciones,20201,2025-04-18,2025-05-18,60,Seguimiento,31-60 dias (Riesgo Leve)
FAC-100443,Inicia,Banca,10686,2025-01-19,2025-02-18,15,Al Dia,0-30 dias (Sano)
FAC-100444,Sambil,Banca,47877,2025-11-28,2025-12-28,15,Al Dia,0-30 dias (Sano)
FAC-100445,Scotiabank,Energia,33007,2025-03-13,2025-04-12,0,Al Dia,0-30 dias (Sano)
FAC-100446,Claro Dominicana,Telecomunicaciones,1661,2025-04-19,2025-05-19,60,Seguimiento,31-60 dias (Riesgo Leve)
FAC-100447,Claro Dominicana,Industrial,45843,2025-09-25,2025-10-25,10,Al Dia,0-30 dias (Sano)
FAC-100448,Banesco,Consumo Masivo,31137,2025-08-28,2025-09-27,15,Al Dia,0-30 dias (Sano)
FAC-100449,Humano Seguros,Consumo Masivo,48556,2025-10-28,2025-11-27,60,Seguimiento,31-60 dias (Riesgo Leve)
FAC-100450,Cerveceria Nacional Dominicana,Banca,43828,2025-03-31,2025-04-30,20,Al Dia,0-30 dias (Sano)
FAC-100451,Altice Dominicana,Servicios,49604,2025-04-13,2025-05-13,5,Al Dia,0-30 dias (Sano)
FAC-100452,Grupo SID,Servicios,11526,2025-09-07,2025-10-07,20,Al Dia,0-30 dias (Sano)
FAC-100453,Altice Dominicana,Telecomunicaciones,4374,2025-01-08,2025-02-07,10,Al Dia,0-30 dias (Sano)
FAC-100454,Cemex Dominicana,Telecomunicaciones,26592,2025-06-02,2025-07-02,15,Al Dia,0-30 dias (Sano)
FAC-100455,Claro Dominicana,Industrial,29982,2025-12-13,2026-01-12,0,Al Dia,0-30 dias (Sano)
FAC-100456,Inicia,Energia,1207,2025-06-23,2025-07-23,5,Al Dia,0-30 dias (Sano)
FAC-100457,Grupo SID,Seguros,36433,2025-12-09,2026-01-08,5,Al Dia,0-30 dias (Sano)
FAC-100458,Centro Cuesta Nacional,Consumo Masivo,24197,2025-06-07,2025-07-07,45,Seguimiento,31-60 dias (Riesgo Leve)
FAC-100459,Humano Seguros,Energia,34400,2025-08-03,2025-09-02,0,Al Dia,0-30 dias (Sano)
FAC-100460,Caribbean Cinemas,Retail,4083,2025-06-26,2025-07-26,10,Al Dia,0-30 dias (Sano)
FAC-100461,Grupo SID,Consumo Masivo,30328,2025-06-24,2025-07-24,90,Gestion Intensiva,61-90 dias (Riesgo Medio)
FAC-100462,Sambil,Energia,47479,2025-12-06,2026-01-05,0,Al Dia,0-30 dias (Sano)
FAC-100463,Altice Dominicana,Consumo Masivo,43891,2025-12-04,2026-01-03,15,Al Dia,0-30 dias (Sano)
FAC-100464,Cerveceria Nacional Dominicana,Seguros,21103,2025-05-26,2025-06-25,60,Seguimiento,31-60 dias (Riesgo Leve)
FAC-100465,Grupo SID,Retail,40891,2025-11-20,2025-12-20,90,Gestion Intensiva,61-90 dias (Riesgo Medio)
FAC-100466,Grupo SID,Servicios,11754,2025-06-10,2025-07-10,45,Seguimiento,31-60 dias (Riesgo Leve)
FAC-100467,Helados Bon,Servicios,35447,2025-05-07,2025-06-06,45,Seguimiento,31-60 dias (Riesgo Leve)
FAC-100468,Cemex Dominicana,Seguros,16901,2025-03-23,2025-04-22,60,Seguimiento,31-60 dias (Riesgo Leve)
FAC-100469,Sambil,Industrial,34004,2025-05-27,2025-06-26,10,Al Dia,0-30 dias (Sano)
FAC-100470,La Sirena,Retail,8446,2025-08-27,2025-09-26,60,Seguimiento,31-60 dias (Riesgo Leve)
FAC-100471,Grupo SID,Banca,38211,2025-03-25,2025-04-24,0,Al Dia,0-30 dias (Sano)
FAC-100472,Claro Dominicana,Energia,49231,2025-04-23,2025-05-23,90,Gestion Intensiva,61-90 dias (Riesgo Medio)
FAC-100473,Caribbean Cinemas,Retail,30301,2025-08-13,2025-09-12,10,Al Dia,0-30 dias (Sano)
FAC-100474,Cerveceria Nacional Dominicana,Industrial,27116,2025-11-28,2025-12-28,20,Al Dia,0-30 dias (Sano)
FAC-100475,La Sirena,Industrial,42323,2025-08-31,2025-09-30,5,Al Dia,0-30 dias (Sano)
FAC-100476,Caribbean Cinemas,Seguros,19752,2025-05-23,2025-06-22,45,Seguimiento,31-60 dias (Riesgo Leve)
FAC-100477,Cerveceria Nacional Dominicana,Consumo Masivo,33376,2025-02-10,2025-03-12,0,Al Dia,0-30 dias (Sano)
FAC-100478,Centro Cuesta Nacional,Retail,17669,2025-09-15,2025-10-15,75,Gestion Intensiva,61-90 dias (Riesgo Medio)
FAC-100479,Mercasid,Energia,33916,2025-10-12,2025-11-11,60,Seguimiento,31-60 dias (Riesgo Leve)
FAC-100480,Helados Bon,Retail,14395,2025-04-15,2025-05-15,5,Al Dia,0-30 dias (Sano)
FAC-100481,La Sirena,Telecomunicaciones,21421,2025-07-21,2025-08-20,60,Seguimiento,31-60 dias (Riesgo Leve)
FAC-100482,EGE Haina,Consumo Masivo,27342,2025-11-03,2025-12-03,60,Seguimiento,31-60 dias (Riesgo Leve)
FAC-100483,Cemex Dominicana,Energia,5895,2025-11-27,2025-12-27,30,Al Dia,0-30 dias (Sano)
FAC-100484,Humano Seguros,Servicios,12023,2025-09-23,2025-10-23,10,Al Dia,0-30 dias (Sano)
FAC-100485,Altice Dominicana,Energia,11699,2025-07-29,2025-08-28,5,Al Dia,0-30 dias (Sano)
FAC-100486,Caribbean Cinemas,Banca,10715,2025-02-20,2025-03-22,5,Al Dia,0-30 dias (Sano)
FAC-100487,Helados Bon,Seguros,20169,2025-04-28,2025-05-28,5,Al Dia,0-30 dias (Sano)
FAC-100488,Claro Dominicana,Banca,17163,2025-07-20,2025-08-19,90,Gestion Intensiva,61-90 dias (Riesgo Medio)
FAC-100489,Cemex Dominicana,Energia,6782,2025-02-08,2025-03-10,0,Al Dia,0-30 dias (Sano)
FAC-100490,Centro Cuesta Nacional,Consumo Masivo,23641,2025-01-28,2025-02-27,60,Seguimiento,31-60 dias (Riesgo Leve)
FAC-100491,Sambil,Retail,19792,2025-09-16,2025-10-16,5,Al Dia,0-30 dias (Sano)
FAC-100492,Banesco,Servicios,36585,2025-03-25,2025-04-24,15,Al Dia,0-30 dias (Sano)
FAC-100493,Centro Cuesta Nacional,Retail,31682,2025-06-04,2025-07-04,60,Seguimiento,31-60 dias (Riesgo Leve)
FAC-100494,Mercasid,Consumo Masivo,48864,2025-04-27,2025-05-27,75,Gestion Intensiva,61-90 dias (Riesgo Medio)
FAC-100495,Humano Seguros,Energia,19880,2025-01-02,2025-02-01,5,Al Dia,0-30 dias (Sano)
FAC-100496,Altice Dominicana,Industrial,39067,2025-04-03,2025-05-03,15,Al Dia,0-30 dias (Sano)
FAC-100497,Scotiabank,Retail,43685,2025-06-15,2025-07-15,10,Al Dia,0-30 dias (Sano)
FAC-100498,Scotiabank,Industrial,19073,2025-12-16,2026-01-15,0,Al Dia,0-30 dias (Sano)
FAC-100499,Inicia,Retail,37035,2025-10-23,2025-11-22,5,Al Dia,0-30 dias (Sano)
FAC-100500,EGE Haina,Retail,38174,2025-09-15,2025-10-15,15,Al Dia,0-30 dias (Sano)
FAC-100501,Caribbean Cinemas,Servicios,25837,2025-03-22,2025-04-21,10,Al Dia,0-30 dias (Sano)
FAC-100502,Cerveceria Nacional Dominicana,Seguros,18826,2025-09-25,2025-10-25,45,Seguimiento,31-60 dias (Riesgo Leve)
FAC-100503,Banesco,Seguros,25981,2025-08-23,2025-09-22,10,Al Dia,0-30 dias (Sano)
FAC-100504,Caribbean Cinemas,Telecomunicaciones,11382,2025-11-17,2025-12-17,15,Al Dia,0-30 dias (Sano)
FAC-100505,Grupo SID,Banca,5437,2025-11-07,2025-12-07,10,Al Dia,0-30 dias (Sano)
FAC-100506,Universal Seguros,Consumo Masivo,6435,2025-10-28,2025-11-27,45,Seguimiento,31-60 dias (Riesgo Leve)
FAC-100507,Centro Cuesta Nacional,Consumo Masivo,25819,2025-12-23,2026-01-22,75,Gestion Intensiva,61-90 dias (Riesgo Medio)
FAC-100508,Mercasid,Consumo Masivo,37875,2025-08-01,2025-08-31,15,Al Dia,0-30 dias (Sano)
FAC-100509,Sambil,Telecomunicaciones,32982,2025-03-03,2025-04-02,60,Seguimiento,31-60 dias (Riesgo Leve)
FAC-100510,Grupo Rica,Seguros,34328,2025-02-18,2025-03-20,5,Al Dia,0-30 dias (Sano)
FAC-100511,Banesco,Energia,13329,2025-05-07,2025-06-06,15,Al Dia,0-30 dias (Sano)
FAC-100512,Cerveceria Nacional Dominicana,Industrial,26169,2025-08-11,2025-09-10,5,Al Dia,0-30 dias (Sano)
FAC-100513,Inicia,Servicios,22932,2025-10-06,2025-11-05,10,Al Dia,0-30 dias (Sano)
FAC-100514,Banco Popular,Industrial,35594,2025-10-21,2025-11-20,45,Seguimiento,31-60 dias (Riesgo Leve)
FAC-100515,Humano Seguros,Energia,12421,2025-10-11,2025-11-10,75,Gestion Intensiva,61-90 dias (Riesgo Medio)
FAC-100516,Humano Seguros,Servicios,46033,2025-10-04,2025-11-03,0,Al Dia,0-30 dias (Sano)
FAC-100517,Universal Seguros,Telecomunicaciones,8629,2025-04-17,2025-05-17,30,Al Dia,0-30 dias (Sano)
FAC-100518,La Sirena,Energia,9325,2025-05-26,2025-06-25,20,Al Dia,0-30 dias (Sano)
FAC-100519,Grupo Rica,Consumo Masivo,29495,2025-04-09,2025-05-09,0,Al Dia,0-30 dias (Sano)
FAC-100520,Cemex Dominicana,Banca,32750,2025-03-14,2025-04-13,5,Al Dia,0-30 dias (Sano)
FAC-100521,Sambil,Retail,30619,2025-05-02,2025-06-01,5,Al Dia,0-30 dias (Sano)
FAC-100522,Grupo Ramos,Industrial,41461,2025-01-30,2025-03-01,0,Al Dia,0-30 dias (Sano)
FAC-100523,Helados Bon,Seguros,9264,2025-07-07,2025-08-06,5,Al Dia,0-30 dias (Sano)
FAC-100524,Grupo SID,Seguros,13686,2025-12-30,2026-01-29,5,Al Dia,0-30 dias (Sano)
FAC-100525,Centro Cuesta Nacional,Telecomunicaciones,47484,2025-12-20,2026-01-19,5,Al Dia,0-30 dias (Sano)
FAC-100526,Sambil,Servicios,25226,2025-10-15,2025-11-14,45,Seguimiento,31-60 dias (Riesgo Leve)
FAC-100527,Claro Dominicana,Seguros,7721,2025-07-14,2025-08-13,20,Al Dia,0-30 dias (Sano)
FAC-100528,Claro Dominicana,Consumo Masivo,21609,2025-06-05,2025-07-05,180,Critico,+90 dias (Critico)
FAC-100529,Universal Seguros,Industrial,8373,2025-06-21,2025-07-21,10,Al Dia,0-30 dias (Sano)
FAC-100530,La Sirena,Energia,39675,2025-12-01,2025-12-31,45,Seguimiento,31-60 dias (Riesgo Leve)
FAC-100531,Caribbean Cinemas,Consumo Masivo,49895,2025-02-10,2025-03-12,75,Gestion Intensiva,61-90 dias (Riesgo Medio)
FAC-100532,Centro Cuesta Nacional,Telecomunicaciones,29937,2025-03-04,2025-04-03,30,Al Dia,0-30 dias (Sano)
FAC-100533,Banesco,Consumo Masivo,6656,2025-01-23,2025-02-22,10,Al Dia,0-30 dias (Sano)
FAC-100534,La Sirena,Energia,9984,2025-12-26,2026-01-25,45,Seguimiento,31-60 dias (Riesgo Leve)
FAC-100535,Centro Cuesta Nacional,Banca,30984,2025-03-16,2025-04-15,5,Al Dia,0-30 dias (Sano)
FAC-100536,Altice Dominicana,Telecomunicaciones,9286,2025-02-17,2025-03-19,5,Al Dia,0-30 dias (Sano)
FAC-100537,Sambil,Banca,6901,2025-06-09,2025-07-09,15,Al Dia,0-30 dias (Sano)
FAC-100538,Sambil,Retail,32552,2025-11-09,2025-12-09,20,Al Dia,0-30 dias (Sano)
FAC-100539,Inicia,Banca,26709,2025-04-28,2025-05-28,0,Al Dia,0-30 dias (Sano)
FAC-100540,Helados Bon,Retail,32055,2025-04-10,2025-05-10,90,Gestion Intensiva,61-90 dias (Riesgo Medio)
FAC-100541,Grupo Rica,Retail,38685,2025-06-16,2025-07-16,30,Al Dia,0-30 dias (Sano)
FAC-100542,Cerveceria Nacional Dominicana,Banca,9429,2025-10-17,2025-11-16,15,Al Dia,0-30 dias (Sano)
FAC-100543,Centro Cuesta Nacional,Telecomunicaciones,15716,2025-06-05,2025-07-05,90,Gestion Intensiva,61-90 dias (Riesgo Medio)
FAC-100544,Grupo Ramos,Servicios,49563,2025-01-07,2025-02-06,10,Al Dia,0-30 dias (Sano)
FAC-100545,Altice Dominicana,Energia,12138,2025-07-15,2025-08-14,180,Critico,+90 dias (Critico)
FAC-100546,Sambil,Consumo Masivo,36298,2025-02-25,2025-03-27,15,Al Dia,0-30 dias (Sano)
FAC-100547,Grupo SID,Consumo Masivo,24429,2025-11-17,2025-12-17,0,Al Dia,0-30 dias (Sano)
FAC-100548,Grupo Ramos,Energia,6772,2025-07-12,2025-08-11,45,Seguimiento,31-60 dias (Riesgo Leve)
FAC-100549,Universal Seguros,Industrial,49244,2025-02-16,2025-03-18,30,Al Dia,0-30 dias (Sano)
FAC-100550,Universal Seguros,Industrial,49519,2025-05-28,2025-06-27,45,Seguimiento,31-60 dias (Riesgo Leve)
FAC-100551,Caribbean Cinemas,Retail,36732,2025-10-02,2025-11-01,120,Critico,+90 dias (Critico)
FAC-100552,Sambil,Retail,40905,2025-06-06,2025-07-06,45,Seguimiento,31-60 dias (Riesgo Leve)
FAC-100553,Sambil,Telecomunicaciones,18347,2025-07-21,2025-08-20,20,Al Dia,0-30 dias (Sano)
FAC-100554,EGE Haina,Seguros,17920,2025-05-06,2025-06-05,75,Gestion Intensiva,61-90 dias (Riesgo Medio)
FAC-100555,Cemex Dominicana,Banca,32822,2025-11-01,2025-12-01,30,Al Dia,0-30 dias (Sano)
FAC-100556,Scotiabank,Retail,47659,2025-10-21,2025-11-20,10,Al Dia,0-30 dias (Sano)
FAC-100557,Humano Seguros,Consumo Masivo,41108,2025-03-05,2025-04-04,75,Gestion Intensiva,61-90 dias (Riesgo Medio)
FAC-100558,Claro Dominicana,Telecomunicaciones,24563,2025-11-21,2025-12-21,5,Al Dia,0-30 dias (Sano)
FAC-100559,Altice Dominicana,Banca,8967,2025-06-25,2025-07-25,45,Seguimiento,31-60 dias (Riesgo Leve)
FAC-100560,La Sirena,Telecomunicaciones,46183,2025-04-26,2025-05-26,75,Gestion Intensiva,61-90 dias (Riesgo Medio)
FAC-100561,Helados Bon,Banca,12871,2025-07-23,2025-08-22,45,Seguimiento,31-60 dias (Riesgo Leve)
FAC-100562,Inicia,Banca,29763,2025-11-17,2025-12-17,30,Al Dia,0-30 dias (Sano)
FAC-100563,EGE Haina,Energia,12916,2025-01-31,2025-03-02,45,Seguimiento,31-60 dias (Riesgo Leve)
FAC-100564,Cerveceria Nacional Dominicana,Retail,9734,2025-04-23,2025-05-23,15,Al Dia,0-30 dias (Sano)
FAC-100565,Grupo SID,Servicios,34613,2025-12-31,2026-01-30,75,Gestion Intensiva,61-90 dias (Riesgo Medio)
FAC-100566,Mercasid,Telecomunicaciones,29179,2025-11-21,2025-12-21,5,Al Dia,0-30 dias (Sano)
FAC-100567,EGE Haina,Servicios,36262,2025-12-10,2026-01-09,0,Al Dia,0-30 dias (Sano)
FAC-100568,Grupo Ramos,Telecomunicaciones,13677,2025-03-08,2025-04-07,5,Al Dia,0-30 dias (Sano)
FAC-100569,Altice Dominicana,Energia,19268,2025-03-16,2025-04-15,15,Al Dia,0-30 dias (Sano)
FAC-100570,Cemex Dominicana,Consumo Masivo,13330,2025-02-14,2025-03-16,15,Al Dia,0-30 dias (Sano)
FAC-100571,Scotiabank,Servicios,21733,2025-09-17,2025-10-17,60,Seguimiento,31-60 dias (Riesgo Leve)
FAC-100572,Caribbean Cinemas,Consumo Masivo,38947,2025-06-03,2025-07-03,10,Al Dia,0-30 dias (Sano)
FAC-100573,Banesco,Industrial,28286,2025-06-04,2025-07-04,15,Al Dia,0-30 dias (Sano)
FAC-100574,Cemex Dominicana,Retail,7610,2025-12-29,2026-01-28,0,Al Dia,0-30 dias (Sano)
FAC-100575,Grupo Rica,Retail,7430,2025-08-22,2025-09-21,10,Al Dia,0-30 dias (Sano)
FAC-100576,Universal Seguros,Seguros,40922,2025-02-20,2025-03-22,30,Al Dia,0-30 dias (Sano)
FAC-100577,Caribbean Cinemas,Energia,14828,2025-11-02,2025-12-02,0,Al Dia,0-30 dias (Sano)
FAC-100578,Grupo Rica,Consumo Masivo,43913,2025-09-19,2025-10-19,5,Al Dia,0-30 dias (Sano)
FAC-100579,Claro Dominicana,Banca,32497,2025-11-11,2025-12-11,5,Al Dia,0-30 dias (Sano)
FAC-100580,Grupo Rica,Telecomunicaciones,40256,2025-05-05,2025-06-04,0,Al Dia,0-30 dias (Sano)
FAC-100581,Inicia,Retail,37618,2025-09-02,2025-10-02,15,Al Dia,0-30 dias (Sano)
FAC-100582,Humano Seguros,Servicios,47332,2025-01-30,2025-03-01,0,Al Dia,0-30 dias (Sano)
FAC-100583,Cerveceria Nacional Dominicana,Telecomunicaciones,27526,2025-05-02,2025-06-01,45,Seguimiento,31-60 dias (Riesgo Leve)
FAC-100584,Claro Dominicana,Telecomunicaciones,31158,2025-05-05,2025-06-04,75,Gestion Intensiva,61-90 dias (Riesgo Medio)
FAC-100585,Grupo SID,Seguros,26032,2025-02-06,2025-03-08,15,Al Dia,0-30 dias (Sano)
FAC-100586,Cerveceria Nacional Dominicana,Consumo Masivo,38846,2025-06-19,2025-07-19,180,Critico,+90 dias (Critico)
FAC-100587,Grupo Ramos,Retail,45936,2025-05-04,2025-06-03,15,Al Dia,0-30 dias (Sano)
FAC-100588,Helados Bon,Telecomunicaciones,30794,2025-12-23,2026-01-22,15,Al Dia,0-30 dias (Sano)
FAC-100589,Sambil,Retail,6448,2025-02-04,2025-03-06,180,Critico,+90 dias (Critico)
FAC-100590,Cemex Dominicana,Banca,29861,2025-03-28,2025-04-27,5,Al Dia,0-30 dias (Sano)
FAC-100591,Sambil,Seguros,29141,2025-05-14,2025-06-13,90,Gestion Intensiva,61-90 dias (Riesgo Medio)
FAC-100592,Mercasid,Banca,10074,2025-07-15,2025-08-14,0,Al Dia,0-30 dias (Sano)
FAC-100593,Altice Dominicana,Retail,7406,2025-10-01,2025-10-31,10,Al Dia,0-30 dias (Sano)
FAC-100594,Universal Seguros,Industrial,32823,2025-07-20,2025-08-19,0,Al Dia,0-30 dias (Sano)
FAC-100595,Inicia,Servicios,24291,2025-10-12,2025-11-11,45,Seguimiento,31-60 dias (Riesgo Leve)
FAC-100596,La Sirena,Retail,42568,2025-03-18,2025-04-17,20,Al Dia,0-30 dias (Sano)
FAC-100597,Humano Seguros,Consumo Masivo,33003,2025-02-28,2025-03-30,30,Al Dia,0-30 dias (Sano)
FAC-100598,EGE Haina,Telecomunicaciones,47851,2025-05-06,2025-06-05,10,Al Dia,0-30 dias (Sano)
FAC-100599,Banco Popular,Telecomunicaciones,35406,2025-04-19,2025-05-19,10,Al Dia,0-30 dias (Sano)
FAC-100600,Banesco,Banca,24312,2025-08-12,2025-09-11,0,Al Dia,0-30 dias (Sano)
FAC-100601,Inicia,Servicios,44108,2025-10-05,2025-11-04,5,Al Dia,0-30 dias (Sano)
FAC-100602,Sambil,Seguros,2382,2025-03-09,2025-04-08,90,Gestion Intensiva,61-90 dias (Riesgo Medio)
FAC-100603,Humano Seguros,Industrial,35171,2025-03-10,2025-04-09,10,Al Dia,0-30 dias (Sano)
FAC-100604,Grupo Ramos,Energia,42779,2025-06-14,2025-07-14,60,Seguimiento,31-60 dias (Riesgo Leve)
FAC-100605,Grupo Ramos,Servicios,4292,2025-11-01,2025-12-01,75,Gestion Intensiva,61-90 dias (Riesgo Medio)
FAC-100606,Inicia,Telecomunicaciones,42779,2025-06-11,2025-07-11,10,Al Dia,0-30 dias (Sano)
FAC-100607,EGE Haina,Consumo Masivo,34187,2025-12-31,2026-01-30,30,Al Dia,0-30 dias (Sano)
FAC-100608,Grupo SID,Servicios,13411,2025-12-08,2026-01-07,0,Al Dia,0-30 dias (Sano)
FAC-100609,Scotiabank,Banca,38285,2025-11-05,2025-12-05,0,Al Dia,0-30 dias (Sano)
FAC-100610,Grupo SID,Banca,16422,2025-12-09,2026-01-08,0,Al Dia,0-30 dias (Sano)
FAC-100611,Sambil,Energia,43468,2025-02-11,2025-03-13,20,Al Dia,0-30 dias (Sano)
FAC-100612,Grupo Ramos,Consumo Masivo,33371,2025-12-20,2026-01-19,10,Al Dia,0-30 dias (Sano)
FAC-100613,Banco Popular,Seguros,6693,2025-04-19,2025-05-19,15,Al Dia,0-30 dias (Sano)
FAC-100614,Cerveceria Nacional Dominicana,Servicios,34535,2025-02-20,2025-03-22,15,Al Dia,0-30 dias (Sano)
FAC-100615,Altice Dominicana,Consumo Masivo,15818,2025-09-07,2025-10-07,10,Al Dia,0-30 dias (Sano)
FAC-100616,Grupo Ramos,Seguros,32238,2025-12-07,2026-01-06,30,Al Dia,0-30 dias (Sano)
FAC-100617,Cemex Dominicana,Consumo Masivo,31874,2025-01-21,2025-02-20,45,Seguimiento,31-60 dias (Riesgo Leve)
FAC-100618,Universal Seguros,Consumo Masivo,27715,2025-10-27,2025-11-26,0,Al Dia,0-30 dias (Sano)
FAC-100619,Grupo SID,Retail,28605,2025-05-19,2025-06-18,5,Al Dia,0-30 dias (Sano)
FAC-100620,Humano Seguros,Banca,35317,2025-12-25,2026-01-24,45,Seguimiento,31-60 dias (Riesgo Leve)
FAC-100621,Humano Seguros,Servicios,32174,2025-11-20,2025-12-20,10,Al Dia,0-30 dias (Sano)
FAC-100622,Universal Seguros,Consumo Masivo,10956,2025-04-02,2025-05-02,30,Al Dia,0-30 dias (Sano)
FAC-100623,Altice Dominicana,Servicios,39908,2025-10-07,2025-11-06,5,Al Dia,0-30 dias (Sano)
FAC-100624,Humano Seguros,Energia,11837,2025-05-05,2025-06-04,10,Al Dia,0-30 dias (Sano)
FAC-100625,Humano Seguros,Consumo Masivo,4716,2025-04-21,2025-05-21,0,Al Dia,0-30 dias (Sano)
FAC-100626,Banesco,Telecomunicaciones,5481,2025-12-20,2026-01-19,5,Al Dia,0-30 dias (Sano)
FAC-100627,Banesco,Banca,25282,2025-05-19,2025-06-18,20,Al Dia,0-30 dias (Sano)
FAC-100628,La Sirena,Telecomunicaciones,7548,2025-09-30,2025-10-30,10,Al Dia,0-30 dias (Sano)
FAC-100629,Grupo SID,Servicios,38605,2025-04-09,2025-05-09,45,Seguimiento,31-60 dias (Riesgo Leve)
FAC-100630,Mercasid,Servicios,8758,2025-09-09,2025-10-09,75,Gestion Intensiva,61-90 dias (Riesgo Medio)
FAC-100631,Cerveceria Nacional Dominicana,Banca,44668,2025-12-04,2026-01-03,15,Al Dia,0-30 dias (Sano)
FAC-100632,Mercasid,Servicios,24177,2025-04-14,2025-05-14,45,Seguimiento,31-60 dias (Riesgo Leve)
FAC-100633,Grupo Ramos,Telecomunicaciones,25022,2025-08-02,2025-09-01,5,Al Dia,0-30 dias (Sano)
FAC-100634,La Sirena,Consumo Masivo,41761,2025-09-06,2025-10-06,10,Al Dia,0-30 dias (Sano)
FAC-100635,Sambil,Consumo Masivo,6542,2025-06-01,2025-07-01,45,Seguimiento,31-60 dias (Riesgo Leve)
FAC-100636,Sambil,Retail,26476,2025-09-07,2025-10-07,10,Al Dia,0-30 dias (Sano)
FAC-100637,Claro Dominicana,Energia,31784,2025-10-02,2025-11-01,20,Al Dia,0-30 dias (Sano)
FAC-100638,Grupo Ramos,Servicios,23740,2025-06-14,2025-07-14,0,Al Dia,0-30 dias (Sano)
FAC-100639,Grupo SID,Telecomunicaciones,25817,2025-12-07,2026-01-06,20,Al Dia,0-30 dias (Sano)
FAC-100640,Grupo Rica,Servicios,48596,2025-01-08,2025-02-07,75,Gestion Intensiva,61-90 dias (Riesgo Medio)
FAC-100641,Banco Popular,Servicios,17052,2025-10-11,2025-11-10,75,Gestion Intensiva,61-90 dias (Riesgo Medio)
FAC-100642,Grupo Rica,Seguros,36153,2025-01-05,2025-02-04,45,Seguimiento,31-60 dias (Riesgo Leve)
FAC-100643,Centro Cuesta Nacional,Retail,48076,2025-05-25,2025-06-24,45,Seguimiento,31-60 dias (Riesgo Leve)
FAC-100644,Banco Popular,Telecomunicaciones,1671,2025-04-11,2025-05-11,20,Al Dia,0-30 dias (Sano)
FAC-100645,Altice Dominicana,Telecomunicaciones,1163,2025-06-13,2025-07-13,20,Al Dia,0-30 dias (Sano)
FAC-100646,Inicia,Servicios,42424,2025-05-27,2025-06-26,0,Al Dia,0-30 dias (Sano)
FAC-100647,Caribbean Cinemas,Retail,45002,2025-03-05,2025-04-04,10,Al Dia,0-30 dias (Sano)
FAC-100648,Grupo Ramos,Consumo Masivo,5795,2025-04-01,2025-05-01,15,Al Dia,0-30 dias (Sano)
FAC-100649,Caribbean Cinemas,Telecomunicaciones,11634,2025-04-27,2025-05-27,120,Critico,+90 dias (Critico)
FAC-100650,Humano Seguros,Consumo Masivo,5798,2025-12-20,2026-01-19,10,Al Dia,0-30 dias (Sano)
FAC-100651,Grupo SID,Retail,23420,2025-09-24,2025-10-24,15,Al Dia,0-30 dias (Sano)
FAC-100652,Cemex Dominicana,Consumo Masivo,30300,2025-11-06,2025-12-06,15,Al Dia,0-30 dias (Sano)
FAC-100653,EGE Haina,Banca,25345,2025-06-22,2025-07-22,30,Al Dia,0-30 dias (Sano)
FAC-100654,EGE Haina,Seguros,11749,2025-02-16,2025-03-18,45,Seguimiento,31-60 dias (Riesgo Leve)
FAC-100655,Humano Seguros,Industrial,39595,2025-05-20,2025-06-19,5,Al Dia,0-30 dias (Sano)
FAC-100656,Mercasid,Telecomunicaciones,26121,2025-09-03,2025-10-03,15,Al Dia,0-30 dias (Sano)
FAC-100657,Banco Popular,Energia,38487,2025-05-29,2025-06-28,60,Seguimiento,31-60 dias (Riesgo Leve)
FAC-100658,Scotiabank,Seguros,29411,2025-09-03,2025-10-03,15,Al Dia,0-30 dias (Sano)
FAC-100659,La Sirena,Industrial,34361,2025-01-05,2025-02-04,5,Al Dia,0-30 dias (Sano)
FAC-100660,Centro Cuesta Nacional,Consumo Masivo,22223,2025-07-03,2025-08-02,30,Al Dia,0-30 dias (Sano)
FAC-100661,Universal Seguros,Telecomunicaciones,8394,2025-01-20,2025-02-19,60,Seguimiento,31-60 dias (Riesgo Leve)
FAC-100662,Banco Popular,Consumo Masivo,15056,2025-02-15,2025-03-17,0,Al Dia,0-30 dias (Sano)
FAC-100663,Universal Seguros,Banca,29380,2025-01-12,2025-02-11,45,Seguimiento,31-60 dias (Riesgo Leve)
FAC-100664,Inicia,Retail,27035,2025-03-11,2025-04-10,60,Seguimiento,31-60 dias (Riesgo Leve)
FAC-100665,Banco Popular,Telecomunicaciones,31620,2025-01-17,2025-02-16,15,Al Dia,0-30 dias (Sano)
FAC-100666,Inicia,Industrial,20877,2025-05-27,2025-06-26,180,Critico,+90 dias (Critico)
FAC-100667,EGE Haina,Industrial,44404,2025-06-03,2025-07-03,60,Seguimiento,31-60 dias (Riesgo Leve)
FAC-100668,La Sirena,Banca,31911,2025-10-31,2025-11-30,45,Seguimiento,31-60 dias (Riesgo Leve)
FAC-100669,Banco Popular,Banca,33784,2025-04-18,2025-05-18,45,Seguimiento,31-60 dias (Riesgo Leve)
FAC-100670,Helados Bon,Servicios,4191,2025-08-24,2025-09-23,0,Al Dia,0-30 dias (Sano)
FAC-100671,Universal Seguros,Telecomunicaciones,34160,2025-11-04,2025-12-04,5,Al Dia,0-30 dias (Sano)
FAC-100672,Grupo Ramos,Consumo Masivo,26000,2025-12-18,2026-01-17,15,Al Dia,0-30 dias (Sano)
FAC-100673,EGE Haina,Energia,40040,2025-03-11,2025-04-10,5,Al Dia,0-30 dias (Sano)
FAC-100674,Banesco,Industrial,4631,2025-07-02,2025-08-01,10,Al Dia,0-30 dias (Sano)
FAC-100675,La Sirena,Industrial,7172,2025-09-07,2025-10-07,75,Gestion Intensiva,61-90 dias (Riesgo Medio)
FAC-100676,Grupo SID,Banca,43080,2025-08-16,2025-09-15,60,Seguimiento,31-60 dias (Riesgo Leve)
FAC-100677,Humano Seguros,Seguros,24561,2025-04-12,2025-05-12,30,Al Dia,0-30 dias (Sano)
FAC-100678,Claro Dominicana,Banca,25817,2025-03-16,2025-04-15,75,Gestion Intensiva,61-90 dias (Riesgo Medio)
FAC-100679,Banesco,Energia,21281,2025-08-04,2025-09-03,60,Seguimiento,31-60 dias (Riesgo Leve)
FAC-100680,Grupo SID,Consumo Masivo,29671,2025-07-22,2025-08-21,10,Al Dia,0-30 dias (Sano)
FAC-100681,Banesco,Consumo Masivo,26364,2025-07-11,2025-08-10,5,Al Dia,0-30 dias (Sano)
FAC-100682,Grupo SID,Seguros,42674,2025-09-06,2025-10-06,15,Al Dia,0-30 dias (Sano)
FAC-100683,Helados Bon,Industrial,28425,2025-08-30,2025-09-29,45,Seguimiento,31-60 dias (Riesgo Leve)
FAC-100684,Humano Seguros,Banca,29602,2025-06-28,2025-07-28,10,Al Dia,0-30 dias (Sano)
FAC-100685,Banco Popular,Servicios,24253,2025-08-07,2025-09-06,30,Al Dia,0-30 dias (Sano)
FAC-100686,Universal Seguros,Consumo Masivo,24472,2025-03-23,2025-04-22,0,Al Dia,0-30 dias (Sano)
FAC-100687,Banco Popular,Energia,9080,2025-04-02,2025-05-02,45,Seguimiento,31-60 dias (Riesgo Leve)
FAC-100688,Sambil,Telecomunicaciones,8099,2025-06-24,2025-07-24,60,Seguimiento,31-60 dias (Riesgo Leve)
FAC-100689,Scotiabank,Retail,26431,2025-08-27,2025-09-26,30,Al Dia,0-30 dias (Sano)
FAC-100690,Scotiabank,Retail,32186,2025-09-17,2025-10-17,120,Critico,+90 dias (Critico)
FAC-100691,Cemex Dominicana,Retail,48684,2025-12-31,2026-01-30,60,Seguimiento,31-60 dias (Riesgo Leve)
FAC-100692,Scotiabank,Servicios,31111,2025-06-12,2025-07-12,90,Gestion Intensiva,61-90 dias (Riesgo Medio)
FAC-100693,La Sirena,Industrial,40851,2025-02-17,2025-03-19,90,Gestion Intensiva,61-90 dias (Riesgo Medio)
FAC-100694,EGE Haina,Banca,23614,2025-11-25,2025-12-25,60,Seguimiento,31-60 dias (Riesgo Leve)
FAC-100695,Cemex Dominicana,Seguros,27724,2025-11-24,2025-12-24,30,Al Dia,0-30 dias (Sano)
FAC-100696,Scotiabank,Servicios,42991,2025-04-26,2025-05-26,0,Al Dia,0-30 dias (Sano)
FAC-100697,Cemex Dominicana,Servicios,5940,2025-12-03,2026-01-02,15,Al Dia,0-30 dias (Sano)
FAC-100698,Grupo Rica,Consumo Masivo,29758,2025-12-03,2026-01-02,20,Al Dia,0-30 dias (Sano)
FAC-100699,Claro Dominicana,Telecomunicaciones,37224,2025-08-13,2025-09-12,5,Al Dia,0-30 dias (Sano)
FAC-100700,Grupo Rica,Servicios,8788,2025-12-18,2026-01-17,5,Al Dia,0-30 dias (Sano)
FAC-100701,Claro Dominicana,Energia,29082,2025-11-24,2025-12-24,120,Critico,+90 dias (Critico)
FAC-100702,Altice Dominicana,Telecomunicaciones,25034,2025-05-27,2025-06-26,75,Gestion Intensiva,61-90 dias (Riesgo Medio)
FAC-100703,Altice Dominicana,Energia,36479,2025-03-04,2025-04-03,75,Gestion Intensiva,61-90 dias (Riesgo Medio)
FAC-100704,Inicia,Industrial,12280,2025-10-21,2025-11-20,10,Al Dia,0-30 dias (Sano)
FAC-100705,La Sirena,Banca,19052,2025-11-19,2025-12-19,0,Al Dia,0-30 dias (Sano)
FAC-100706,La Sirena,Retail,17531,2025-11-21,2025-12-21,0,Al Dia,0-30 dias (Sano)
FAC-100707,Humano Seguros,Servicios,23804,2025-01-13,2025-02-12,5,Al Dia,0-30 dias (Sano)
FAC-100708,Inicia,Banca,29903,2025-07-08,2025-08-07,0,Al Dia,0-30 dias (Sano)
FAC-100709,Banesco,Industrial,45857,2025-10-14,2025-11-13,0,Al Dia,0-30 dias (Sano)
FAC-100710,Universal Seguros,Seguros,11142,2025-07-27,2025-08-26,90,Gestion Intensiva,61-90 dias (Riesgo Medio)
FAC-100711,Grupo Ramos,Seguros,49355,2025-04-24,2025-05-24,30,Al Dia,0-30 dias (Sano)
FAC-100712,Humano Seguros,Industrial,10866,2025-01-22,2025-02-21,5,Al Dia,0-30 dias (Sano)
FAC-100713,Cerveceria Nacional Dominicana,Energia,5531,2025-12-15,2026-01-14,0,Al Dia,0-30 dias (Sano)
FAC-100714,Caribbean Cinemas,Consumo Masivo,46454,2025-08-02,2025-09-01,15,Al Dia,0-30 dias (Sano)
FAC-100715,Mercasid,Consumo Masivo,39098,2025-06-20,2025-07-20,0,Al Dia,0-30 dias (Sano)
FAC-100716,Banco Popular,Energia,39278,2025-11-19,2025-12-19,90,Gestion Intensiva,61-90 dias (Riesgo Medio)
FAC-100717,Grupo SID,Seguros,29138,2025-02-23,2025-03-25,10,Al Dia,0-30 dias (Sano)
FAC-100718,Mercasid,Seguros,28065,2025-10-25,2025-11-24,10,Al Dia,0-30 dias (Sano)
FAC-100719,Sambil,Servicios,30956,2025-11-16,2025-12-16,10,Al Dia,0-30 dias (Sano)
FAC-100720,Cerveceria Nacional Dominicana,Seguros,42732,2025-05-06,2025-06-05,0,Al Dia,0-30 dias (Sano)
FAC-100721,EGE Haina,Banca,40261,2025-10-04,2025-11-03,30,Al Dia,0-30 dias (Sano)
FAC-100722,EGE Haina,Seguros,11759,2025-07-23,2025-08-22,45,Seguimiento,31-60 dias (Riesgo Leve)
FAC-100723,Scotiabank,Telecomunicaciones,6439,2025-07-13,2025-08-12,30,Al Dia,0-30 dias (Sano)
FAC-100724,Cemex Dominicana,Servicios,48241,2025-06-18,2025-07-18,0,Al Dia,0-30 dias (Sano)
FAC-100725,Grupo SID,Retail,43533,2025-06-01,2025-07-01,20,Al Dia,0-30 dias (Sano)
FAC-100726,Claro Dominicana,Seguros,29270,2025-02-04,2025-03-06,20,Al Dia,0-30 dias (Sano)
FAC-100727,Grupo Ramos,Energia,14279,2025-07-03,2025-08-02,75,Gestion Intensiva,61-90 dias (Riesgo Medio)
FAC-100728,Grupo Rica,Retail,40279,2025-10-13,2025-11-12,10,Al Dia,0-30 dias (Sano)
FAC-100729,Grupo SID,Banca,45251,2025-02-26,2025-03-28,10,Al Dia,0-30 dias (Sano)
FAC-100730,Altice Dominicana,Energia,24888,2025-08-10,2025-09-09,20,Al Dia,0-30 dias (Sano)
FAC-100731,Helados Bon,Retail,18630,2025-10-30,2025-11-29,30,Al Dia,0-30 dias (Sano)
FAC-100732,EGE Haina,Energia,36144,2025-06-12,2025-07-12,15,Al Dia,0-30 dias (Sano)
FAC-100733,EGE Haina,Banca,32182,2025-01-19,2025-02-18,10,Al Dia,0-30 dias (Sano)
FAC-100734,Mercasid,Servicios,26538,2025-09-21,2025-10-21,15,Al Dia,0-30 dias (Sano)
FAC-100735,Mercasid,Telecomunicaciones,12824,2025-10-09,2025-11-08,75,Gestion Intensiva,61-90 dias (Riesgo Medio)
FAC-100736,Banco Popular,Banca,33125,2025-04-23,2025-05-23,15,Al Dia,0-30 dias (Sano)
FAC-100737,Sambil,Banca,7979,2025-11-23,2025-12-23,90,Gestion Intensiva,61-90 dias (Riesgo Medio)
FAC-100738,Mercasid,Energia,27189,2025-01-30,2025-03-01,15,Al Dia,0-30 dias (Sano)
FAC-100739,La Sirena,Servicios,43600,2025-05-15,2025-06-14,90,Gestion Intensiva,61-90 dias (Riesgo Medio)
FAC-100740,Centro Cuesta Nacional,Industrial,13504,2025-03-08,2025-04-07,60,Seguimiento,31-60 dias (Riesgo Leve)
FAC-100741,Altice Dominicana,Consumo Masivo,21669,2025-03-06,2025-04-05,10,Al Dia,0-30 dias (Sano)
FAC-100742,EGE Haina,Seguros,7910,2025-10-19,2025-11-18,75,Gestion Intensiva,61-90 dias (Riesgo Medio)
FAC-100743,Mercasid,Seguros,47857,2025-01-25,2025-02-24,0,Al Dia,0-30 dias (Sano)
FAC-100744,Scotiabank,Telecomunicaciones,35964,2025-02-06,2025-03-08,90,Gestion Intensiva,61-90 dias (Riesgo Medio)
FAC-100745,EGE Haina,Telecomunicaciones,21131,2025-01-01,2025-01-31,30,Al Dia,0-30 dias (Sano)
FAC-100746,Sambil,Seguros,26227,2025-02-06,2025-03-08,0,Al Dia,0-30 dias (Sano)
FAC-100747,Inicia,Consumo Masivo,6978,2025-05-21,2025-06-20,30,Al Dia,0-30 dias (Sano)
FAC-100748,Universal Seguros,Seguros,22991,2025-08-20,2025-09-19,120,Critico,+90 dias (Critico)
FAC-100749,Altice Dominicana,Industrial,18153,2025-05-16,2025-06-15,0,Al Dia,0-30 dias (Sano)
FAC-100750,La Sirena,Consumo Masivo,34548,2025-07-07,2025-08-06,20,Al Dia,0-30 dias (Sano)
FAC-100751,EGE Haina,Telecomunicaciones,43676,2025-05-08,2025-06-07,45,Seguimiento,31-60 dias (Riesgo Leve)
FAC-100752,Humano Seguros,Retail,40071,2025-07-20,2025-08-19,60,Seguimiento,31-60 dias (Riesgo Leve)
FAC-100753,Banesco,Energia,48454,2025-05-07,2025-06-06,10,Al Dia,0-30 dias (Sano)
FAC-100754,Centro Cuesta Nacional,Industrial,4983,2025-09-14,2025-10-14,5,Al Dia,0-30 dias (Sano)
FAC-100755,Grupo SID,Industrial,10503,2025-06-13,2025-07-13,0,Al Dia,0-30 dias (Sano)
FAC-100756,Centro Cuesta Nacional,Servicios,30921,2025-02-04,2025-03-06,20,Al Dia,0-30 dias (Sano)
FAC-100757,Caribbean Cinemas,Telecomunicaciones,17905,2025-07-13,2025-08-12,15,Al Dia,0-30 dias (Sano)
FAC-100758,Grupo SID,Telecomunicaciones,46838,2025-07-10,2025-08-09,90,Gestion Intensiva,61-90 dias (Riesgo Medio)
FAC-100759,Sambil,Banca,24953,2025-04-14,2025-05-14,0,Al Dia,0-30 dias (Sano)
FAC-100760,Helados Bon,Industrial,27806,2025-01-23,2025-02-22,30,Al Dia,0-30 dias (Sano)
FAC-100761,Claro Dominicana,Banca,46000,2025-09-22,2025-10-22,0,Al Dia,0-30 dias (Sano)
FAC-100762,Banesco,Banca,23168,2025-10-17,2025-11-16,0,Al Dia,0-30 dias (Sano)
FAC-100763,Altice Dominicana,Energia,5583,2025-09-17,2025-10-17,15,Al Dia,0-30 dias (Sano)
FAC-100764,Cerveceria Nacional Dominicana,Banca,39714,2025-12-24,2026-01-23,15,Al Dia,0-30 dias (Sano)
FAC-100765,Sambil,Consumo Masivo,40896,2025-03-16,2025-04-15,30,Al Dia,0-30 dias (Sano)
FAC-100766,Inicia,Seguros,12889,2025-12-21,2026-01-20,90,Gestion Intensiva,61-90 dias (Riesgo Medio)
FAC-100767,EGE Haina,Retail,28413,2025-03-13,2025-04-12,30,Al Dia,0-30 dias (Sano)
FAC-100768,Claro Dominicana,Telecomunicaciones,13275,2025-09-16,2025-10-16,120,Critico,+90 dias (Critico)
FAC-100769,EGE Haina,Consumo Masivo,3461,2025-07-07,2025-08-06,75,Gestion Intensiva,61-90 dias (Riesgo Medio)
FAC-100770,Banco Popular,Retail,15291,2025-06-22,2025-07-22,20,Al Dia,0-30 dias (Sano)
FAC-100771,EGE Haina,Industrial,47804,2025-10-17,2025-11-16,60,Seguimiento,31-60 dias (Riesgo Leve)
FAC-100772,Grupo Rica,Industrial,12435,2025-02-14,2025-03-16,30,Al Dia,0-30 dias (Sano)
FAC-100773,Grupo Rica,Industrial,28935,2025-03-02,2025-04-01,0,Al Dia,0-30 dias (Sano)
FAC-100774,Grupo SID,Consumo Masivo,34453,2025-03-24,2025-04-23,45,Seguimiento,31-60 dias (Riesgo Leve)
FAC-100775,Caribbean Cinemas,Consumo Masivo,19544,2025-05-03,2025-06-02,0,Al Dia,0-30 dias (Sano)
FAC-100776,La Sirena,Telecomunicaciones,13258,2025-12-24,2026-01-23,20,Al Dia,0-30 dias (Sano)
FAC-100777,Banesco,Seguros,31841,2025-01-16,2025-02-15,30,Al Dia,0-30 dias (Sano)
FAC-100778,Cerveceria Nacional Dominicana,Servicios,49758,2025-03-07,2025-04-06,0,Al Dia,0-30 dias (Sano)
FAC-100779,Humano Seguros,Banca,11736,2025-05-25,2025-06-24,5,Al Dia,0-30 dias (Sano)
FAC-100780,Universal Seguros,Industrial,38643,2025-06-11,2025-07-11,90,Gestion Intensiva,61-90 dias (Riesgo Medio)
FAC-100781,Helados Bon,Energia,44950,2025-08-22,2025-09-21,20,Al Dia,0-30 dias (Sano)
FAC-100782,Banco Popular,Seguros,35964,2025-05-24,2025-06-23,5,Al Dia,0-30 dias (Sano)
FAC-100783,Sambil,Energia,29044,2025-12-24,2026-01-23,30,Al Dia,0-30 dias (Sano)
FAC-100784,Universal Seguros,Telecomunicaciones,40933,2025-07-07,2025-08-06,20,Al Dia,0-30 dias (Sano)
FAC-100785,Humano Seguros,Telecomunicaciones,16997,2025-11-18,2025-12-18,15,Al Dia,0-30 dias (Sano)
FAC-100786,Grupo Ramos,Telecomunicaciones,15215,2025-01-13,2025-02-12,120,Critico,+90 dias (Critico)
FAC-100787,Universal Seguros,Retail,34069,2025-07-03,2025-08-02,30,Al Dia,0-30 dias (Sano)
FAC-100788,Universal Seguros,Energia,24911,2025-04-21,2025-05-21,10,Al Dia,0-30 dias (Sano)
FAC-100789,Cemex Dominicana,Seguros,18030,2025-10-17,2025-11-16,60,Seguimiento,31-60 dias (Riesgo Leve)
FAC-100790,Claro Dominicana,Servicios,30334,2025-10-22,2025-11-21,75,Gestion Intensiva,61-90 dias (Riesgo Medio)
FAC-100791,Scotiabank,Seguros,15571,2025-08-03,2025-09-02,0,Al Dia,0-30 dias (Sano)
FAC-100792,Cerveceria Nacional Dominicana,Consumo Masivo,43719,2025-04-30,2025-05-30,5,Al Dia,0-30 dias (Sano)
FAC-100793,Altice Dominicana,Consumo Masivo,29927,2025-02-24,2025-03-26,5,Al Dia,0-30 dias (Sano)
FAC-100794,La Sirena,Industrial,21714,2025-01-27,2025-02-26,30,Al Dia,0-30 dias (Sano)
FAC-100795,Grupo Rica,Servicios,44541,2025-04-28,2025-05-28,20,Al Dia,0-30 dias (Sano)
FAC-100796,Humano Seguros,Consumo Masivo,24387,2025-08-09,2025-09-08,20,Al Dia,0-30 dias (Sano)
FAC-100797,Claro Dominicana,Telecomunicaciones,29444,2025-08-19,2025-09-18,90,Gestion Intensiva,61-90 dias (Riesgo Medio)
FAC-100798,Universal Seguros,Seguros,49908,2025-02-22,2025-03-24,45,Seguimiento,31-60 dias (Riesgo Leve)
FAC-100799,Banco Popular,Energia,20921,2025-10-22,2025-11-21,0,Al Dia,0-30 dias (Sano)
FAC-100800,Helados Bon,Telecomunicaciones,14057,2025-11-17,2025-12-17,5,Al Dia,0-30 dias (Sano)
FAC-100801,Scotiabank,Retail,46268,2025-08-21,2025-09-20,10,Al Dia,0-30 dias (Sano)
FAC-100802,Claro Dominicana,Consumo Masivo,25858,2025-06-07,2025-07-07,10,Al Dia,0-30 dias (Sano)
FAC-100803,EGE Haina,Telecomunicaciones,49689,2025-09-26,2025-10-26,30,Al Dia,0-30 dias (Sano)
FAC-100804,Universal Seguros,Telecomunicaciones,45638,2025-01-21,2025-02-20,75,Gestion Intensiva,61-90 dias (Riesgo Medio)
FAC-100805,Grupo SID,Retail,27062,2025-02-22,2025-03-24,5,Al Dia,0-30 dias (Sano)
FAC-100806,Universal Seguros,Banca,37850,2025-10-02,2025-11-01,20,Al Dia,0-30 dias (Sano)
FAC-100807,La Sirena,Seguros,47486,2025-11-09,2025-12-09,60,Seguimiento,31-60 dias (Riesgo Leve)
FAC-100808,Banco Popular,Energia,21567,2025-10-08,2025-11-07,10,Al Dia,0-30 dias (Sano)
FAC-100809,EGE Haina,Industrial,30739,2025-08-02,2025-09-01,0,Al Dia,0-30 dias (Sano)
FAC-100810,Scotiabank,Banca,44285,2025-01-31,2025-03-02,15,Al Dia,0-30 dias (Sano)
FAC-100811,Grupo Rica,Consumo Masivo,4754,2025-12-03,2026-01-02,0,Al Dia,0-30 dias (Sano)
FAC-100812,La Sirena,Telecomunicaciones,28044,2025-07-02,2025-08-01,90,Gestion Intensiva,61-90 dias (Riesgo Medio)
FAC-100813,Sambil,Servicios,2724,2025-01-23,2025-02-22,0,Al Dia,0-30 dias (Sano)
FAC-100814,Caribbean Cinemas,Retail,2376,2025-02-01,2025-03-03,10,Al Dia,0-30 dias (Sano)
FAC-100815,Humano Seguros,Retail,9706,2025-03-15,2025-04-14,15,Al Dia,0-30 dias (Sano)
FAC-100816,Universal Seguros,Servicios,9894,2025-01-10,2025-02-09,180,Critico,+90 dias (Critico)
FAC-100817,Claro Dominicana,Seguros,19037,2025-02-23,2025-03-25,0,Al Dia,0-30 dias (Sano)
FAC-100818,La Sirena,Banca,19450,2025-02-21,2025-03-23,0,Al Dia,0-30 dias (Sano)
FAC-100819,Helados Bon,Industrial,17406,2025-05-28,2025-06-27,0,Al Dia,0-30 dias (Sano)
FAC-100820,Grupo Ramos,Seguros,30725,2025-06-09,2025-07-09,0,Al Dia,0-30 dias (Sano)
FAC-100821,Helados Bon,Servicios,6926,2025-01-14,2025-02-13,5,Al Dia,0-30 dias (Sano)
FAC-100822,Grupo SID,Telecomunicaciones,40019,2025-06-27,2025-07-27,30,Al Dia,0-30 dias (Sano)
FAC-100823,Caribbean Cinemas,Servicios,10496,2025-02-22,2025-03-24,5,Al Dia,0-30 dias (Sano)
FAC-100824,EGE Haina,Seguros,37068,2025-12-01,2025-12-31,0,Al Dia,0-30 dias (Sano)
FAC-100825,Grupo Ramos,Energia,30806,2025-01-22,2025-02-21,60,Seguimiento,31-60 dias (Riesgo Leve)
FAC-100826,Mercasid,Retail,23663,2025-01-30,2025-03-01,10,Al Dia,0-30 dias (Sano)
FAC-100827,Universal Seguros,Retail,42321,2025-07-10,2025-08-09,10,Al Dia,0-30 dias (Sano)
FAC-100828,Humano Seguros,Consumo Masivo,37495,2025-09-17,2025-10-17,5,Al Dia,0-30 dias (Sano)
FAC-100829,Scotiabank,Consumo Masivo,23656,2025-07-24,2025-08-23,120,Critico,+90 dias (Critico)
FAC-100830,Claro Dominicana,Servicios,26860,2025-02-28,2025-03-30,0,Al Dia,0-30 dias (Sano)
FAC-100831,Sambil,Industrial,17832,2025-09-21,2025-10-21,75,Gestion Intensiva,61-90 dias (Riesgo Medio)
FAC-100832,Scotiabank,Telecomunicaciones,39787,2025-01-12,2025-02-11,45,Seguimiento,31-60 dias (Riesgo Leve)
FAC-100833,Altice Dominicana,Energia,49231,2025-04-29,2025-05-29,0,Al Dia,0-30 dias (Sano)
FAC-100834,Grupo Ramos,Banca,22727,2025-10-17,2025-11-16,180,Critico,+90 dias (Critico)
FAC-100835,Universal Seguros,Seguros,43815,2025-12-04,2026-01-03,5,Al Dia,0-30 dias (Sano)
FAC-100836,Inicia,Industrial,30545,2025-09-05,2025-10-05,0,Al Dia,0-30 dias (Sano)
FAC-100837,Banesco,Telecomunicaciones,45522,2025-12-20,2026-01-19,60,Seguimiento,31-60 dias (Riesgo Leve)
FAC-100838,Humano Seguros,Consumo Masivo,3520,2025-05-07,2025-06-06,30,Al Dia,0-30 dias (Sano)
FAC-100839,Banesco,Servicios,4081,2025-03-16,2025-04-15,20,Al Dia,0-30 dias (Sano)
FAC-100840,Caribbean Cinemas,Seguros,35196,2025-12-27,2026-01-26,0,Al Dia,0-30 dias (Sano)
FAC-100841,Banco Popular,Consumo Masivo,37735,2025-07-23,2025-08-22,15,Al Dia,0-30 dias (Sano)
FAC-100842,Sambil,Servicios,40213,2025-02-18,2025-03-20,60,Seguimiento,31-60 dias (Riesgo Leve)
FAC-100843,Grupo Rica,Seguros,15566,2025-03-20,2025-04-19,5,Al Dia,0-30 dias (Sano)
FAC-100844,Banco Popular,Banca,15042,2025-08-29,2025-09-28,5,Al Dia,0-30 dias (Sano)
FAC-100845,Helados Bon,Telecomunicaciones,26498,2025-12-15,2026-01-14,0,Al Dia,0-30 dias (Sano)
FAC-100846,Grupo Ramos,Seguros,12329,2025-06-03,2025-07-03,0,Al Dia,0-30 dias (Sano)
FAC-100847,Humano Seguros,Energia,32656,2025-10-01,2025-10-31,75,Gestion Intensiva,61-90 dias (Riesgo Medio)
FAC-100848,Cerveceria Nacional Dominicana,Industrial,3159,2025-04-06,2025-05-06,10,Al Dia,0-30 dias (Sano)
FAC-100849,Grupo SID,Retail,38900,2025-08-02,2025-09-01,180,Critico,+90 dias (Critico)
FAC-100850,Cerveceria Nacional Dominicana,Energia,20363,2025-10-21,2025-11-20,10,Al Dia,0-30 dias (Sano)
FAC-100851,Scotiabank,Energia,48701,2025-07-28,2025-08-27,45,Seguimiento,31-60 dias (Riesgo Leve)
FAC-100852,EGE Haina,Industrial,44241,2025-12-09,2026-01-08,5,Al Dia,0-30 dias (Sano)
FAC-100853,Universal Seguros,Retail,20033,2025-03-29,2025-04-28,10,Al Dia,0-30 dias (Sano)
FAC-100854,Altice Dominicana,Energia,11805,2025-11-02,2025-12-02,0,Al Dia,0-30 dias (Sano)
FAC-100855,Grupo SID,Seguros,36851,2025-09-21,2025-10-21,5,Al Dia,0-30 dias (Sano)
FAC-100856,Humano Seguros,Seguros,27832,2025-11-21,2025-12-21,15,Al Dia,0-30 dias (Sano)
FAC-100857,Caribbean Cinemas,Seguros,14944,2025-11-16,2025-12-16,180,Critico,+90 dias (Critico)
FAC-100858,Inicia,Retail,20873,2025-06-06,2025-07-06,30,Al Dia,0-30 dias (Sano)
FAC-100859,Mercasid,Energia,41372,2025-06-05,2025-07-05,0,Al Dia,0-30 dias (Sano)
FAC-100860,Scotiabank,Servicios,24928,2025-05-19,2025-06-18,0,Al Dia,0-30 dias (Sano)
FAC-100861,Cerveceria Nacional Dominicana,Retail,16379,2025-05-01,2025-05-31,0,Al Dia,0-30 dias (Sano)
FAC-100862,Banco Popular,Seguros,37751,2025-03-06,2025-04-05,20,Al Dia,0-30 dias (Sano)
FAC-100863,Caribbean Cinemas,Industrial,35546,2025-04-17,2025-05-17,45,Seguimiento,31-60 dias (Riesgo Leve)
FAC-100864,Altice Dominicana,Energia,25286,2025-05-27,2025-06-26,90,Gestion Intensiva,61-90 dias (Riesgo Medio)
FAC-100865,Altice Dominicana,Energia,6110,2025-05-17,2025-06-16,0,Al Dia,0-30 dias (Sano)
FAC-100866,Grupo Ramos,Consumo Masivo,13087,2025-06-11,2025-07-11,15,Al Dia,0-30 dias (Sano)
FAC-100867,Grupo Rica,Consumo Masivo,24762,2025-04-10,2025-05-10,15,Al Dia,0-30 dias (Sano)
FAC-100868,Grupo Rica,Banca,18081,2025-12-04,2026-01-03,30,Al Dia,0-30 dias (Sano)
FAC-100869,Scotiabank,Servicios,35947,2025-11-03,2025-12-03,20,Al Dia,0-30 dias (Sano)
FAC-100870,Cerveceria Nacional Dominicana,Servicios,10596,2025-05-21,2025-06-20,30,Al Dia,0-30 dias (Sano)
FAC-100871,Humano Seguros,Telecomunicaciones,39019,2025-03-24,2025-04-23,30,Al Dia,0-30 dias (Sano)
FAC-100872,Mercasid,Servicios,43003,2025-06-26,2025-07-26,0,Al Dia,0-30 dias (Sano)
FAC-100873,Altice Dominicana,Consumo Masivo,19313,2025-07-17,2025-08-16,60,Seguimiento,31-60 dias (Riesgo Leve)
FAC-100874,Humano Seguros,Retail,48639,2025-04-22,2025-05-22,0,Al Dia,0-30 dias (Sano)
FAC-100875,Humano Seguros,Servicios,2013,2025-02-25,2025-03-27,30,Al Dia,0-30 dias (Sano)
FAC-100876,La Sirena,Consumo Masivo,24705,2025-06-28,2025-07-28,10,Al Dia,0-30 dias (Sano)
FAC-100877,Mercasid,Banca,2828,2025-07-05,2025-08-04,15,Al Dia,0-30 dias (Sano)
FAC-100878,Claro Dominicana,Energia,8909,2025-08-06,2025-09-05,90,Gestion Intensiva,61-90 dias (Riesgo Medio)
FAC-100879,Sambil,Servicios,39356,2025-11-12,2025-12-12,75,Gestion Intensiva,61-90 dias (Riesgo Medio)
FAC-100880,Banesco,Banca,14109,2025-08-05,2025-09-04,60,Seguimiento,31-60 dias (Riesgo Leve)
FAC-100881,Inicia,Energia,3023,2025-04-30,2025-05-30,15,Al Dia,0-30 dias (Sano)
FAC-100882,Grupo Rica,Industrial,15537,2025-06-24,2025-07-24,45,Seguimiento,31-60 dias (Riesgo Leve)
FAC-100883,Grupo Rica,Industrial,27661,2025-01-23,2025-02-22,15,Al Dia,0-30 dias (Sano)
FAC-100884,Centro Cuesta Nacional,Energia,39659,2025-08-01,2025-08-31,75,Gestion Intensiva,61-90 dias (Riesgo Medio)
FAC-100885,Grupo Rica,Servicios,34848,2025-08-23,2025-09-22,10,Al Dia,0-30 dias (Sano)
FAC-100886,Mercasid,Telecomunicaciones,38804,2025-01-13,2025-02-12,120,Critico,+90 dias (Critico)
FAC-100887,La Sirena,Consumo Masivo,16379,2025-04-11,2025-05-11,90,Gestion Intensiva,61-90 dias (Riesgo Medio)
FAC-100888,Universal Seguros,Retail,28766,2025-01-24,2025-02-23,45,Seguimiento,31-60 dias (Riesgo Leve)
FAC-100889,Grupo Ramos,Retail,44590,2025-12-30,2026-01-29,5,Al Dia,0-30 dias (Sano)
FAC-100890,EGE Haina,Seguros,3563,2025-01-11,2025-02-10,0,Al Dia,0-30 dias (Sano)
FAC-100891,Grupo Ramos,Energia,37060,2025-09-30,2025-10-30,75,Gestion Intensiva,61-90 dias (Riesgo Medio)
FAC-100892,Grupo SID,Retail,30197,2025-10-08,2025-11-07,0,Al Dia,0-30 dias (Sano)
FAC-100893,Grupo Ramos,Servicios,4586,2025-04-04,2025-05-04,75,Gestion Intensiva,61-90 dias (Riesgo Medio)
FAC-100894,EGE Haina,Telecomunicaciones,17087,2025-07-20,2025-08-19,15,Al Dia,0-30 dias (Sano)
FAC-100895,Banco Popular,Energia,49868,2025-01-21,2025-02-20,10,Al Dia,0-30 dias (Sano)
FAC-100896,Mercasid,Telecomunicaciones,24225,2025-12-06,2026-01-05,90,Gestion Intensiva,61-90 dias (Riesgo Medio)
FAC-100897,Grupo Rica,Servicios,30750,2025-07-30,2025-08-29,20,Al Dia,0-30 dias (Sano)
FAC-100898,Grupo Rica,Retail,7643,2025-05-20,2025-06-19,20,Al Dia,0-30 dias (Sano)
FAC-100899,La Sirena,Retail,28523,2025-10-20,2025-11-19,20,Al Dia,0-30 dias (Sano)
FAC-100900,Centro Cuesta Nacional,Seguros,37727,2025-10-25,2025-11-24,10,Al Dia,0-30 dias (Sano)
FAC-100901,La Sirena,Retail,12005,2025-04-11,2025-05-11,60,Seguimiento,31-60 dias (Riesgo Leve)
FAC-100902,Universal Seguros,Energia,44543,2025-10-31,2025-11-30,5,Al Dia,0-30 dias (Sano)
FAC-100903,Universal Seguros,Servicios,1161,2025-12-25,2026-01-24,90,Gestion Intensiva,61-90 dias (Riesgo Medio)
FAC-100904,Altice Dominicana,Industrial,17029,2025-01-28,2025-02-27,75,Gestion Intensiva,61-90 dias (Riesgo Medio)
FAC-100905,Centro Cuesta Nacional,Servicios,15226,2025-02-10,2025-03-12,5,Al Dia,0-30 dias (Sano)
FAC-100906,La Sirena,Energia,29731,2025-12-21,2026-01-20,45,Seguimiento,31-60 dias (Riesgo Leve)
FAC-100907,Grupo Rica,Energia,44922,2025-10-30,2025-11-29,20,Al Dia,0-30 dias (Sano)
FAC-100908,Banesco,Seguros,45848,2025-05-26,2025-06-25,5,Al Dia,0-30 dias (Sano)
FAC-100909,Helados Bon,Seguros,4390,2025-09-13,2025-10-13,180,Critico,+90 dias (Critico)
FAC-100910,EGE Haina,Retail,6997,2025-08-15,2025-09-14,0,Al Dia,0-30 dias (Sano)
FAC-100911,EGE Haina,Banca,13693,2025-08-24,2025-09-23,5,Al Dia,0-30 dias (Sano)
FAC-100912,Grupo Ramos,Servicios,43092,2025-12-27,2026-01-26,15,Al Dia,0-30 dias (Sano)
FAC-100913,Helados Bon,Servicios,1541,2025-01-13,2025-02-12,15,Al Dia,0-30 dias (Sano)
FAC-100914,Centro Cuesta Nacional,Banca,22817,2025-07-29,2025-08-28,20,Al Dia,0-30 dias (Sano)
FAC-100915,Claro Dominicana,Seguros,38861,2025-08-17,2025-09-16,45,Seguimiento,31-60 dias (Riesgo Leve)
FAC-100916,Universal Seguros,Retail,14428,2025-04-10,2025-05-10,20,Al Dia,0-30 dias (Sano)
FAC-100917,Grupo Ramos,Banca,44934,2025-01-31,2025-03-02,20,Al Dia,0-30 dias (Sano)
FAC-100918,Humano Seguros,Retail,49831,2025-01-16,2025-02-15,0,Al Dia,0-30 dias (Sano)
FAC-100919,Grupo Ramos,Retail,11258,2025-05-17,2025-06-16,10,Al Dia,0-30 dias (Sano)
FAC-100920,Claro Dominicana,Retail,17044,2025-11-25,2025-12-25,5,Al Dia,0-30 dias (Sano)
FAC-100921,Banco Popular,Consumo Masivo,30411,2025-06-15,2025-07-15,5,Al Dia,0-30 dias (Sano)
FAC-100922,Banesco,Energia,6469,2025-11-06,2025-12-06,20,Al Dia,0-30 dias (Sano)
FAC-100923,Humano Seguros,Retail,29854,2025-04-10,2025-05-10,0,Al Dia,0-30 dias (Sano)
FAC-100924,Banesco,Consumo Masivo,7256,2025-04-19,2025-05-19,5,Al Dia,0-30 dias (Sano)
FAC-100925,Grupo Ramos,Seguros,11720,2025-12-09,2026-01-08,5,Al Dia,0-30 dias (Sano)
FAC-100926,Universal Seguros,Banca,34937,2025-06-22,2025-07-22,90,Gestion Intensiva,61-90 dias (Riesgo Medio)
FAC-100927,Sambil,Energia,34598,2025-08-25,2025-09-24,90,Gestion Intensiva,61-90 dias (Riesgo Medio)
FAC-100928,EGE Haina,Industrial,2651,2025-06-11,2025-07-11,20,Al Dia,0-30 dias (Sano)
FAC-100929,Claro Dominicana,Banca,20194,2025-08-04,2025-09-03,90,Gestion Intensiva,61-90 dias (Riesgo Medio)
FAC-100930,Sambil,Energia,26051,2025-09-21,2025-10-21,60,Seguimiento,31-60 dias (Riesgo Leve)
FAC-100931,Helados Bon,Industrial,28386,2025-09-20,2025-10-20,20,Al Dia,0-30 dias (Sano)
FAC-100932,EGE Haina,Banca,10518,2025-10-19,2025-11-18,0,Al Dia,0-30 dias (Sano)
FAC-100933,Grupo Rica,Energia,47026,2025-10-01,2025-10-31,45,Seguimiento,31-60 dias (Riesgo Leve)
FAC-100934,Humano Seguros,Banca,17184,2025-01-03,2025-02-02,30,Al Dia,0-30 dias (Sano)
FAC-100935,EGE Haina,Banca,34787,2025-01-28,2025-02-27,20,Al Dia,0-30 dias (Sano)
FAC-100936,Claro Dominicana,Industrial,22621,2025-11-22,2025-12-22,45,Seguimiento,31-60 dias (Riesgo Leve)
FAC-100937,Caribbean Cinemas,Banca,11028,2025-05-29,2025-06-28,15,Al Dia,0-30 dias (Sano)
FAC-100938,Sambil,Banca,13448,2025-01-28,2025-02-27,30,Al Dia,0-30 dias (Sano)
FAC-100939,Banco Popular,Industrial,46253,2025-11-06,2025-12-06,90,Gestion Intensiva,61-90 dias (Riesgo Medio)
FAC-100940,La Sirena,Seguros,35051,2025-03-06,2025-04-05,10,Al Dia,0-30 dias (Sano)
FAC-100941,La Sirena,Retail,31447,2025-12-22,2026-01-21,30,Al Dia,0-30 dias (Sano)
FAC-100942,Claro Dominicana,Servicios,19394,2025-01-21,2025-02-20,15,Al Dia,0-30 dias (Sano)
FAC-100943,Claro Dominicana,Telecomunicaciones,35501,2025-09-09,2025-10-09,30,Al Dia,0-30 dias (Sano)
FAC-100944,Scotiabank,Consumo Masivo,31254,2025-08-23,2025-09-22,45,Seguimiento,31-60 dias (Riesgo Leve)
FAC-100945,Humano Seguros,Telecomunicaciones,19509,2025-08-15,2025-09-14,0,Al Dia,0-30 dias (Sano)
FAC-100946,Helados Bon,Telecomunicaciones,49998,2025-01-13,2025-02-12,30,Al Dia,0-30 dias (Sano)
FAC-100947,Scotiabank,Energia,15472,2025-11-09,2025-12-09,5,Al Dia,0-30 dias (Sano)
FAC-100948,Banesco,Retail,46657,2025-02-18,2025-03-20,30,Al Dia,0-30 dias (Sano)
FAC-100949,Grupo Rica,Energia,4471,2025-04-28,2025-05-28,15,Al Dia,0-30 dias (Sano)
FAC-100950,Universal Seguros,Retail,42796,2025-02-23,2025-03-25,45,Seguimiento,31-60 dias (Riesgo Leve)
FAC-100951,Universal Seguros,Industrial,31268,2025-05-18,2025-06-17,0,Al Dia,0-30 dias (Sano)
FAC-100952,Grupo Rica,Industrial,9329,2025-02-22,2025-03-24,20,Al Dia,0-30 dias (Sano)
FAC-100953,EGE Haina,Servicios,35865,2025-02-13,2025-03-15,5,Al Dia,0-30 dias (Sano)
FAC-100954,Mercasid,Retail,47850,2025-10-30,2025-11-29,75,Gestion Intensiva,61-90 dias (Riesgo Medio)
FAC-100955,Scotiabank,Banca,47698,2025-02-22,2025-03-24,90,Gestion Intensiva,61-90 dias (Riesgo Medio)
FAC-100956,Caribbean Cinemas,Seguros,29272,2025-03-15,2025-04-14,180,Critico,+90 dias (Critico)
FAC-100957,Sambil,Servicios,43845,2025-02-15,2025-03-17,60,Seguimiento,31-60 dias (Riesgo Leve)
FAC-100958,Grupo Rica,Servicios,7397,2025-01-13,2025-02-12,45,Seguimiento,31-60 dias (Riesgo Leve)
FAC-100959,Inicia,Banca,33373,2025-06-14,2025-07-14,5,Al Dia,0-30 dias (Sano)
FAC-100960,Grupo Ramos,Seguros,36525,2025-04-12,2025-05-12,5,Al Dia,0-30 dias (Sano)
FAC-100961,EGE Haina,Energia,25570,2025-10-07,2025-11-06,15,Al Dia,0-30 dias (Sano)
FAC-100962,Grupo Rica,Seguros,19284,2025-09-15,2025-10-15,45,Seguimiento,31-60 dias (Riesgo Leve)
FAC-100963,Scotiabank,Energia,19994,2025-12-03,2026-01-02,90,Gestion Intensiva,61-90 dias (Riesgo Medio)
FAC-100964,Caribbean Cinemas,Industrial,24284,2025-12-22,2026-01-21,0,Al Dia,0-30 dias (Sano)
FAC-100965,Caribbean Cinemas,Telecomunicaciones,18833,2025-05-18,2025-06-17,90,Gestion Intensiva,61-90 dias (Riesgo Medio)
FAC-100966,Claro Dominicana,Industrial,26122,2025-06-12,2025-07-12,30,Al Dia,0-30 dias (Sano)
FAC-100967,Cemex Dominicana,Industrial,6017,2025-04-21,2025-05-21,20,Al Dia,0-30 dias (Sano)
FAC-100968,Claro Dominicana,Telecomunicaciones,17370,2025-04-12,2025-05-12,0,Al Dia,0-30 dias (Sano)
FAC-100969,Humano Seguros,Seguros,30252,2025-01-17,2025-02-16,0,Al Dia,0-30 dias (Sano)
FAC-100970,Humano Seguros,Servicios,8999,2025-09-25,2025-10-25,20,Al Dia,0-30 dias (Sano)
FAC-100971,Grupo Rica,Seguros,23436,2025-07-01,2025-07-31,30,Al Dia,0-30 dias (Sano)
FAC-100972,Banesco,Energia,43963,2025-01-24,2025-02-23,5,Al Dia,0-30 dias (Sano)
FAC-100973,Grupo SID,Banca,3096,2025-01-29,2025-02-28,20,Al Dia,0-30 dias (Sano)
FAC-100974,Cerveceria Nacional Dominicana,Energia,49201,2025-06-20,2025-07-20,75,Gestion Intensiva,61-90 dias (Riesgo Medio)
FAC-100975,La Sirena,Banca,26279,2025-08-16,2025-09-15,60,Seguimiento,31-60 dias (Riesgo Leve)
FAC-100976,Mercasid,Industrial,44363,2025-07-07,2025-08-06,90,Gestion Intensiva,61-90 dias (Riesgo Medio)
FAC-100977,Grupo Rica,Telecomunicaciones,49709,2025-12-12,2026-01-11,10,Al Dia,0-30 dias (Sano)
FAC-100978,Cerveceria Nacional Dominicana,Industrial,27201,2025-08-18,2025-09-17,5,Al Dia,0-30 dias (Sano)
FAC-100979,Scotiabank,Retail,20715,2025-11-17,2025-12-17,45,Seguimiento,31-60 dias (Riesgo Leve)
FAC-100980,Grupo Ramos,Seguros,30309,2025-12-06,2026-01-05,10,Al Dia,0-30 dias (Sano)
FAC-100981,Mercasid,Banca,16078,2025-04-29,2025-05-29,0,Al Dia,0-30 dias (Sano)
FAC-100982,Humano Seguros,Energia,6105,2025-06-05,2025-07-05,5,Al Dia,0-30 dias (Sano)
FAC-100983,Mercasid,Telecomunicaciones,30312,2025-09-29,2025-10-29,10,Al Dia,0-30 dias (Sano)
FAC-100984,Claro Dominicana,Banca,3839,2025-06-24,2025-07-24,5,Al Dia,0-30 dias (Sano)
FAC-100985,Grupo Ramos,Energia,4384,2025-04-14,2025-05-14,5,Al Dia,0-30 dias (Sano)
FAC-100986,La Sirena,Seguros,44619,2025-04-02,2025-05-02,5,Al Dia,0-30 dias (Sano)
FAC-100987,Grupo Rica,Industrial,43821,2025-07-05,2025-08-04,0,Al Dia,0-30 dias (Sano)
FAC-100988,EGE Haina,Seguros,14493,2025-10-10,2025-11-09,30,Al Dia,0-30 dias (Sano)
FAC-100989,EGE Haina,Consumo Masivo,18069,2025-06-30,2025-07-30,20,Al Dia,0-30 dias (Sano)
FAC-100990,Cerveceria Nacional Dominicana,Retail,47907,2025-06-19,2025-07-19,30,Al Dia,0-30 dias (Sano)
FAC-100991,Cerveceria Nacional Dominicana,Consumo Masivo,8531,2025-07-06,2025-08-05,0,Al Dia,0-30 dias (Sano)
FAC-100992,Banesco,Telecomunicaciones,38051,2025-06-24,2025-07-24,5,Al Dia,0-30 dias (Sano)
FAC-100993,Helados Bon,Banca,8736,2025-08-10,2025-09-09,20,Al Dia,0-30 dias (Sano)
FAC-100994,Cerveceria Nacional Dominicana,Telecomunicaciones,8710,2025-08-21,2025-09-20,20,Al Dia,0-30 dias (Sano)
FAC-100995,Altice Dominicana,Industrial,2619,2025-06-11,2025-07-11,15,Al Dia,0-30 dias (Sano)
FAC-100996,Helados Bon,Energia,14975,2025-05-14,2025-06-13,10,Al Dia,0-30 dias (Sano)
FAC-100997,Scotiabank,Seguros,46603,2025-08-12,2025-09-11,90,Gestion Intensiva,61-90 dias (Riesgo Medio)
FAC-100998,Universal Seguros,Consumo Masivo,24252,2025-06-02,2025-07-02,5,Al Dia,0-30 dias (Sano)
FAC-100999,Banco Popular,Servicios,16261,2025-02-02,2025-03-04,15,Al Dia,0-30 dias (Sano)
