ID_Factura,Fecha,Cliente,Sucursal,Producto,Subtotal_RD,ITBIS_18,Total_Facturado_RD
FAC-2026-0001,2026-03-02,Banreservas,Punta Cana,Soporte Anual,84293.6,15172.85,99466.45
FAC-2026-0002,2026-03-03,Cervecería Nacional,Punta Cana,Servidor Dedicado,123642.48,22255.65,145898.13
FAC-2026-0003,2026-03-04,Banreservas,La Romana,Servidor Dedicado,99287.05,17871.67,117158.72
FAC-2026-0004,2026-03-05,Cervecería Nacional,La Romana,Licencias ERP,21643.46,3895.82,25539.28
FAC-2026-0005,2026-03-06,Banreservas,Distrito Nacional,Auditoría TI,50183.02,9032.94,59215.96
FAC-2026-0006,2026-03-07,Banreservas,La Romana,Consultoría Cloud,126262.61,22727.27,148989.88
FAC-2026-0007,2026-03-08,Grupo Ramos,Santiago,Auditoría TI,69547.56,12518.56,82066.12
FAC-2026-0008,2026-03-09,Induveca,Punta Cana,Auditoría TI,190354.73,34263.85,224618.58
FAC-2026-0009,2026-03-10,Banco BHD,Punta Cana,Soporte Anual,109019.5,19623.51,128643.01
FAC-2026-0010,2026-03-11,Banreservas,Distrito Nacional,Licencias ERP,125535.44,22596.38,148131.82
FAC-2026-0011,2026-03-12,Claro Dom,Santiago,Licencias ERP,185952.74,33471.49,219424.23
FAC-2026-0012,2026-03-13,Banreservas,Santiago,Auditoría TI,71916.64,12945.0,84861.64
FAC-2026-0013,2026-03-14,Claro Dom,La Romana,Soporte Anual,60661.51,10919.07,71580.58
FAC-2026-0014,2026-03-15,Grupo Ramos,Distrito Nacional,Auditoría TI,165475.5,29785.59,195261.09
FAC-2026-0015,2026-03-16,Claro Dom,Santiago,Licencias ERP,50255.79,9046.04,59301.83
FAC-2026-0016,2026-03-17,Banreservas,Santiago,Licencias ERP,118482.96,21326.93,139809.89
FAC-2026-0017,2026-03-18,Cervecería Nacional,La Romana,Auditoría TI,97606.48,17569.17,115175.65
FAC-2026-0018,2026-03-19,Banreservas,SD Este,Licencias ERP,26005.23,4680.94,30686.17
FAC-2026-0019,2026-03-20,Cervecería Nacional,Distrito Nacional,Auditoría TI,113525.51,20434.59,133960.1
FAC-2026-0020,2026-03-21,Banreservas,Distrito Nacional,Soporte Anual,125445.06,22580.11,148025.17
FAC-2026-0021,2026-03-22,Banco BHD,Distrito Nacional,Consultoría Cloud,159988.87,28798.0,188786.87
FAC-2026-0022,2026-03-23,Claro Dom,Punta Cana,Servidor Dedicado,154687.32,27843.72,182531.04
FAC-2026-0023,2026-03-24,Grupo Ramos,Punta Cana,Consultoría Cloud,143113.75,25760.47,168874.22
FAC-2026-0024,2026-03-25,Cervecería Nacional,Santiago,Consultoría Cloud,125254.92,22545.89,147800.81
FAC-2026-0025,2026-03-26,Banco BHD,La Romana,Licencias ERP,179947.86,32390.61,212338.47
FAC-2026-0026,2026-03-27,Induveca,SD Este,Servidor Dedicado,34887.59,6279.77,41167.36
FAC-2026-0027,2026-03-28,Induveca,Punta Cana,Servidor Dedicado,122659.71,22078.75,144738.46
FAC-2026-0028,2026-03-01,Banreservas,Punta Cana,Consultoría Cloud,101582.04,18284.77,119866.81
FAC-2026-0029,2026-03-02,Induveca,Punta Cana,Consultoría Cloud,145746.13,26234.3,171980.43
FAC-2026-0030,2026-03-03,Cervecería Nacional,Santiago,Auditoría TI,143787.33,25881.72,169669.05
FAC-2026-0031,2026-03-04,Banco BHD,La Romana,Soporte Anual,37096.78,6677.42,43774.2
FAC-2026-0032,2026-03-05,Induveca,SD Este,Soporte Anual,108017.01,19443.06,127460.07
FAC-2026-0033,2026-03-06,Banreservas,La Romana,Soporte Anual,113551.87,20439.34,133991.21
FAC-2026-0034,2026-03-07,Grupo Ramos,Punta Cana,Auditoría TI,31625.44,5692.58,37318.02
FAC-2026-0035,2026-03-08,Banreservas,Distrito Nacional,Soporte Anual,182556.48,32860.17,215416.65
FAC-2026-0036,2026-03-09,Claro Dom,La Romana,Auditoría TI,172248.52,31004.73,203253.25
FAC-2026-0037,2026-03-10,Induveca,Punta Cana,Licencias ERP,91722.26,16510.01,108232.27
FAC-2026-0038,2026-03-11,Banco BHD,Distrito Nacional,Consultoría Cloud,39609.57,7129.72,46739.29
FAC-2026-0039,2026-03-12,Induveca,Distrito Nacional,Auditoría TI,58344.52,10502.01,68846.53
FAC-2026-0040,2026-03-13,Grupo Ramos,Punta Cana,Consultoría Cloud,80404.69,14472.84,94877.53
FAC-2026-0041,2026-03-14,Banco BHD,Punta Cana,Licencias ERP,103814.9,18686.68,122501.58
FAC-2026-0042,2026-03-15,Grupo Ramos,Distrito Nacional,Auditoría TI,77757.89,13996.42,91754.31
FAC-2026-0043,2026-03-16,Banco BHD,Santiago,Auditoría TI,82362.44,14825.24,97187.68
FAC-2026-0044,2026-03-17,Cervecería Nacional,Punta Cana,Consultoría Cloud,61697.06,11105.47,72802.53
FAC-2026-0045,2026-03-18,Banco BHD,Punta Cana,Consultoría Cloud,44211.39,7958.05,52169.44
FAC-2026-0046,2026-03-19,Claro Dom,SD Este,Consultoría Cloud,190860.85,34354.95,225215.8
FAC-2026-0047,2026-03-20,Induveca,Santiago,Soporte Anual,130280.19,23450.43,153730.62
FAC-2026-0048,2026-03-21,Induveca,La Romana,Servidor Dedicado,104633.14,18833.97,123467.11
FAC-2026-0049,2026-03-22,Banco BHD,SD Este,Auditoría TI,83428.84,15017.19,98446.03
FAC-2026-0050,2026-03-23,Induveca,Punta Cana,Consultoría Cloud,192065.9,34571.86,226637.76
FAC-2026-0051,2026-03-24,Grupo Ramos,SD Este,Servidor Dedicado,44677.01,8041.86,52718.87
FAC-2026-0052,2026-03-25,Grupo Ramos,La Romana,Servidor Dedicado,122588.05,22065.85,144653.9
FAC-2026-0053,2026-03-26,Grupo Ramos,La Romana,Auditoría TI,143873.47,25897.22,169770.69
FAC-2026-0054,2026-03-27,Cervecería Nacional,Distrito Nacional,Servidor Dedicado,184472.62,33205.07,217677.69
FAC-2026-0055,2026-03-28,Banco BHD,Santiago,Licencias ERP,78368.74,14106.37,92475.11
FAC-2026-0056,2026-03-01,Claro Dom,Santiago,Consultoría Cloud,63655.67,11458.02,75113.69
FAC-2026-0057,2026-03-02,Banco BHD,Santiago,Consultoría Cloud,109444.55,19700.02,129144.57
FAC-2026-0058,2026-03-03,Claro Dom,SD Este,Soporte Anual,34479.19,6206.25,40685.44
FAC-2026-0059,2026-03-04,Banco BHD,Distrito Nacional,Servidor Dedicado,174226.63,31360.79,205587.42
FAC-2026-0060,2026-03-05,Grupo Ramos,La Romana,Consultoría Cloud,141963.34,25553.4,167516.74
FAC-2026-0061,2026-03-06,Grupo Ramos,Distrito Nacional,Auditoría TI,131639.6,23695.13,155334.73
FAC-2026-0062,2026-03-07,Claro Dom,Punta Cana,Consultoría Cloud,177044.09,31867.94,208912.03
FAC-2026-0063,2026-03-08,Banreservas,Santiago,Licencias ERP,135439.81,24379.17,159818.98
FAC-2026-0064,2026-03-09,Grupo Ramos,SD Este,Consultoría Cloud,103953.63,18711.65,122665.28
FAC-2026-0065,2026-03-10,Claro Dom,Distrito Nacional,Soporte Anual,49138.77,8844.98,57983.75
FAC-2026-0066,2026-03-11,Grupo Ramos,Distrito Nacional,Consultoría Cloud,49651.62,8937.29,58588.91
FAC-2026-0067,2026-03-12,Grupo Ramos,Punta Cana,Soporte Anual,114029.62,20525.33,134554.95
FAC-2026-0068,2026-03-13,Grupo Ramos,Punta Cana,Licencias ERP,104153.36,18747.6,122900.96
FAC-2026-0069,2026-03-14,Banco BHD,La Romana,Consultoría Cloud,79963.88,14393.5,94357.38
FAC-2026-0070,2026-03-15,Banreservas,Punta Cana,Auditoría TI,52558.01,9460.44,62018.45
FAC-2026-0071,2026-03-16,Banco BHD,Distrito Nacional,Auditoría TI,22303.93,4014.71,26318.64
FAC-2026-0072,2026-03-17,Banreservas,SD Este,Servidor Dedicado,184461.17,33203.01,217664.18
FAC-2026-0073,2026-03-18,Banreservas,SD Este,Consultoría Cloud,150346.22,27062.32,177408.54
FAC-2026-0074,2026-03-19,Grupo Ramos,La Romana,Consultoría Cloud,115839.4,20851.09,136690.49
FAC-2026-0075,2026-03-20,Banreservas,SD Este,Consultoría Cloud,31336.29,5640.53,36976.82
FAC-2026-0076,2026-03-21,Cervecería Nacional,Distrito Nacional,Licencias ERP,74095.19,13337.13,87432.32
FAC-2026-0077,2026-03-22,Cervecería Nacional,Punta Cana,Licencias ERP,183699.4,33065.89,216765.29
FAC-2026-0078,2026-03-23,Induveca,Santiago,Servidor Dedicado,126856.28,22834.13,149690.41
FAC-2026-0079,2026-03-24,Cervecería Nacional,Distrito Nacional,Consultoría Cloud,70266.43,12647.96,82914.39
FAC-2026-0080,2026-03-25,Induveca,SD Este,Licencias ERP,42181.98,7592.76,49774.74
FAC-2026-0081,2026-03-26,Grupo Ramos,Santiago,Consultoría Cloud,161256.92,29026.25,190283.17
FAC-2026-0082,2026-03-27,Claro Dom,Santiago,Consultoría Cloud,126237.93,22722.83,148960.76
FAC-2026-0083,2026-03-28,Claro Dom,Distrito Nacional,Auditoría TI,129137.31,23244.72,152382.03
FAC-2026-0084,2026-03-01,Claro Dom,Santiago,Licencias ERP,174931.24,31487.62,206418.86
FAC-2026-0085,2026-03-02,Induveca,Punta Cana,Consultoría Cloud,95609.92,17209.79,112819.71
FAC-2026-0086,2026-03-03,Induveca,SD Este,Licencias ERP,45442.37,8179.63,53622.0
FAC-2026-0087,2026-03-04,Banco BHD,La Romana,Licencias ERP,170291.62,30652.49,200944.11
FAC-2026-0088,2026-03-05,Induveca,Punta Cana,Auditoría TI,163600.3,29448.05,193048.35
FAC-2026-0089,2026-03-06,Banreservas,La Romana,Auditoría TI,75817.27,13647.11,89464.38
FAC-2026-0090,2026-03-07,Claro Dom,SD Este,Auditoría TI,188849.57,33992.92,222842.49
FAC-2026-0091,2026-03-08,Grupo Ramos,La Romana,Soporte Anual,90809.64,16345.74,107155.38
FAC-2026-0092,2026-03-09,Cervecería Nacional,Punta Cana,Consultoría Cloud,189608.03,34129.45,223737.48
FAC-2026-0093,2026-03-10,Grupo Ramos,La Romana,Licencias ERP,88591.3,15946.43,104537.73
FAC-2026-0094,2026-03-11,Banreservas,Santiago,Soporte Anual,31886.78,5739.62,37626.4
FAC-2026-0095,2026-03-12,Banco BHD,La Romana,Soporte Anual,32314.52,5816.61,38131.13
FAC-2026-0096,2026-03-13,Cervecería Nacional,Distrito Nacional,Licencias ERP,28300.27,5094.05,33394.32
FAC-2026-0097,2026-03-14,Induveca,Distrito Nacional,Soporte Anual,60442.36,10879.62,71321.98
FAC-2026-0098,2026-03-15,Banreservas,SD Este,Soporte Anual,67548.3,12158.69,79706.99
FAC-2026-0099,2026-03-16,Claro Dom,Santiago,Servidor Dedicado,92269.21,16608.46,108877.67
FAC-2026-0100,2026-03-17,Banco BHD,SD Este,Auditoría TI,152138.76,27384.98,179523.74
